nohup: ignoring input
/usr/local/lib/python3.11/dist-packages/timm/models/layers/__init__.py:49: FutureWarning: Importing from timm.models.layers is deprecated, please import via timm.layers
  warnings.warn(f"Importing from {__name__} is deprecated, please import via timm.layers", FutureWarning)
config: configs/brain_f.yaml
device: cuda
cache : /hy-tmp/PA-CLIP-F/caches_brain
seeds : [111, 222, 333, 444, 555]

======== seed 111 (1/5) ========
[proto] 来源 few_shot(40+44, 84 张) | Kn=6 Ka=6 | layers=[3, 6, 9, 11] | double_norm=False
[proto] 正常 patch 7,840 | 异常 patch 335 (来自 42/44 张异常切片)
[proto] 注意: 2 张异常切片的 14x14 mask 为空 (4.5%),已排除
[text] 基线锚点 ['normal', 'tumor'] -> W_text (512, 2)
[text] 分层 t0 global (2, 512) attr 4 lesion (2, 512)
[text] 已加载 runs/.../text.pt 适配器
[mem] 异常 patch 335 | 正常 patch 7840 (from 40 张) | 位置感知=开
[text] 支持集 A_text peak_gap_z=+0.679 → sign=1

=== Stage text: Residual Adapter + 分层锚点 ===
[text] 警告: 2 张异常 14x14 mask 为空,L_patch 将跳过它们
[text] batch 16 × 5 step/epoch | 折内早停=关(训满 epoch)
[text] fold hold 00124  train 40 / val 4
  00124 ep  0 loss 3.2756 val 0.5000
  00124 ep 10 loss 0.7395 val 0.7885
  00124 ep 20 loss 0.4834 val 0.7500
  00124 ep 30 loss 0.3696 val 0.7500
  00124 ep 40 loss 0.3772 val 0.7500
  00124 ep 50 loss 0.3567 val 0.7500
  00124 ep 60 loss 0.3474 val 0.7500
  00124 ep 70 loss 0.3410 val 0.7500
  00124 ep 79 loss 0.3345 val 0.7500
[cv] OOF 负例: leftover valid 正常 39 张 (不进原型 / Memory / 训练)
[text] fold hold 00134  train 40 / val 4
  00134 ep  0 loss 3.0882 val 0.4808
  00134 ep 10 loss 0.7247 val 0.7949
  00134 ep 20 loss 0.4970 val 0.7500
  00134 ep 30 loss 0.3805 val 0.7500
  00134 ep 40 loss 0.3467 val 0.7500
  00134 ep 50 loss 0.3639 val 0.7500
  00134 ep 60 loss 0.3595 val 0.7500
  00134 ep 70 loss 0.3553 val 0.7500
  00134 ep 79 loss 0.3531 val 0.7500
[text] fold hold 00154  train 40 / val 4
  00154 ep  0 loss 3.0763 val 0.5000
  00154 ep 10 loss 0.7170 val 0.6571
  00154 ep 20 loss 0.4884 val 0.6250
  00154 ep 30 loss 0.3733 val 0.6250
  00154 ep 40 loss 0.3429 val 0.6250
  00154 ep 50 loss 0.3685 val 0.6250
  00154 ep 60 loss 0.3460 val 0.6250
  00154 ep 70 loss 0.3660 val 0.6250
  00154 ep 79 loss 0.3559 val 0.6250
[text] fold hold 00191  train 40 / val 4
  00191 ep  0 loss 3.1693 val 0.4583
  00191 ep 10 loss 0.7317 val 0.5385
  00191 ep 20 loss 0.4534 val 0.6250
  00191 ep 30 loss 0.3701 val 0.6250
  00191 ep 40 loss 0.3694 val 0.6250
  00191 ep 50 loss 0.3404 val 0.6250
  00191 ep 60 loss 0.3471 val 0.6250
  00191 ep 70 loss 0.3285 val 0.6250
  00191 ep 79 loss 0.3246 val 0.6250
[text] fold hold 00630  train 40 / val 4
  00630 ep  0 loss 2.9063 val 0.3429
  00630 ep 10 loss 0.7211 val 0.5321
  00630 ep 20 loss 0.4725 val 0.7500
  00630 ep 30 loss 0.3663 val 0.6250
  00630 ep 40 loss 0.3528 val 0.6250
  00630 ep 50 loss 0.3529 val 0.5000
  00630 ep 60 loss 0.3392 val 0.5000
  00630 ep 70 loss 0.3237 val 0.5000
  00630 ep 79 loss 0.3388 val 0.5000
[text] fold hold 00803  train 40 / val 4
  00803 ep  0 loss 3.1107 val 0.4615
  00803 ep 10 loss 0.7147 val 0.7821
  00803 ep 20 loss 0.4706 val 0.7500
  00803 ep 30 loss 0.3899 val 0.7500
  00803 ep 40 loss 0.3623 val 0.7500
  00803 ep 50 loss 0.3492 val 0.7500
  00803 ep 60 loss 0.3441 val 0.7500
  00803 ep 70 loss 0.3517 val 0.7500
  00803 ep 79 loss 0.3360 val 0.7500
[text] fold hold 01180  train 40 / val 4
  01180 ep  0 loss 2.9155 val 0.3686
  01180 ep 10 loss 0.7220 val 0.6699
  01180 ep 20 loss 0.4415 val 0.6250
  01180 ep 30 loss 0.3571 val 0.7500
  01180 ep 40 loss 0.3350 val 0.7500
  01180 ep 50 loss 0.3237 val 0.6250
  01180 ep 60 loss 0.3235 val 0.7500
  01180 ep 70 loss 0.3151 val 0.6250
  01180 ep 79 loss 0.3067 val 0.6250
[text] fold hold 01388  train 40 / val 4
  01388 ep  0 loss 2.9684 val 0.5000
  01388 ep 10 loss 0.7124 val 0.7756
  01388 ep 20 loss 0.4805 val 0.7500
  01388 ep 30 loss 0.3716 val 0.7500
  01388 ep 40 loss 0.3617 val 0.7500
  01388 ep 50 loss 0.3405 val 0.7500
  01388 ep 60 loss 0.3461 val 0.7500
  01388 ep 70 loss 0.3528 val 0.7500
  01388 ep 79 loss 0.3386 val 0.7500
[text] fold hold 01471  train 40 / val 4
  01471 ep  0 loss 3.0656 val 0.4712
  01471 ep 10 loss 0.7200 val 0.7885
  01471 ep 20 loss 0.4809 val 0.7500
  01471 ep 30 loss 0.3701 val 0.7500
  01471 ep 40 loss 0.3888 val 0.7500
  01471 ep 50 loss 0.3658 val 0.7500
  01471 ep 60 loss 0.3512 val 0.7500
  01471 ep 70 loss 0.3454 val 0.7500
  01471 ep 79 loss 0.3523 val 0.7500
[text] fold hold 01597  train 40 / val 4
  01597 ep  0 loss 2.9300 val 0.4712
  01597 ep 10 loss 0.7168 val 0.6699
  01597 ep 20 loss 0.4641 val 0.6250
  01597 ep 30 loss 0.3789 val 0.6250
  01597 ep 40 loss 0.3584 val 0.6250
  01597 ep 50 loss 0.3504 val 0.6250
  01597 ep 60 loss 0.3252 val 0.6250
  01597 ep 70 loss 0.3477 val 0.6250
  01597 ep 79 loss 0.3436 val 0.6250
[text] fold hold 01646  train 40 / val 4
  01646 ep  0 loss 2.8743 val 0.1923
  01646 ep 10 loss 0.7076 val 0.4663
  01646 ep 20 loss 0.4581 val 0.4167
  01646 ep 30 loss 0.4035 val 0.4167
  01646 ep 40 loss 0.3639 val 0.4167
  01646 ep 50 loss 0.3562 val 0.4167
  01646 ep 60 loss 0.3543 val 0.4167
  01646 ep 70 loss 0.3670 val 0.4167
  01646 ep 79 loss 0.3423 val 0.4167
[text] 症例 CV 固定 epoch=80 (折内最优 [2, 5, 5, 3, 19, 2, 24, 5, 7, 8, 12])
[text] OOF fuse_w {'proto': 0.5, 'text': 0.25, 'mem': 0.25}  hit@1=0.8165  alpha_fuse=0.050  AUC=0.8561
  final ep  0 loss 3.0141
  final ep 10 loss 0.7263
  final ep 20 loss 0.4656
  final ep 30 loss 0.3913
  final ep 40 loss 0.3771
  final ep 50 loss 0.3465
  final ep 60 loss 0.3320
  final ep 70 loss 0.3523
  final ep 79 loss 0.3443
[text] 支持集 A_text peak_gap_z=+0.679 → sign=1
[text] 权重 /hy-tmp/PA-CLIP-F/runs/brain_f/text__seed111.pt | fuse_w {'proto': 0.5, 'text': 0.25, 'mem': 0.25} | alpha 0.050

====================================================================================================
Stage text (test 集)
====================================================================================================
                                                tag                  alpha_pt                    lam_pt                   val_acc              edge_warning            acc_image_only           acc_lesion_only                 acc_fused            acc_text_fused                    w_heat                    w_text                   w_adapt                 image_auc                  image_ap                alpha_fuse               oof_img_auc            auc_heat_alone            auc_text_alone          pixel_auc_paclip           pixel_ap_paclip    pixel_auc_paclip_fixed     pixel_ap_paclip_fixed            pixel_auc_ours             pixel_ap_ours      pixel_auc_ours_fixed       pixel_ap_ours_fixed               pixel_aupro            n_pixel_slices               hit@1_valid              hit@1_strict              hit@1_chance               hit@3_valid              hit@3_strict              hit@3_chance              hit@10_valid             hit@10_strict             hit@10_chance                   n_valid                   n_total          lesion_area_mean                  lesion_z              background_z                 gap_sigma                peak_gap_z                 mask_dice                  mask_iou                  post_tau
text-adapter                           text-adapter                    0.0000                    0.0000                       nan                     False                 8277.2541                       nan                 8277.2541                 8277.2541                    0.0500                    0.9500                    0.0000                   90.9933                   98.0824                    0.0500                   85.6061                    0.9099                    0.5000                   98.2864                   75.3959                   98.2705                   75.1951                   98.4652                   74.0679                   98.4531                   73.9324                   87.6108                      3075                   90.9030                   87.7398                    3.8548                   97.9784                   94.5691                   11.5645                   99.4272                   95.9675                   38.5210                      2968                      3075                    0.0399                    2.1717                   -0.0886                    2.2603                    0.3677                    0.2043                    0.1174                    0.5000
text-adapter proto-only                                                                                                                                                                                                                                                                                                                                                                                                                                                                                                         97.8980                   68.5699                   97.8873                   68.4018                   98.3420                   71.9552                   98.3396                   71.8388                   85.3810                      3075                   85.0067                   82.0488                    3.8548                   96.9340                   93.5610                   11.5645                   99.3935                   95.9350                   38.5210                      2968                      3075                    0.0399                    1.8122                   -0.0745                    1.8866                    0.1624                                                                              
text-adapter text-only                                                                                                                                                                                                                                                                                                                                                                                                                                                                                                          97.8312                   74.1333                   97.8063                   73.8666                   98.3571                   76.2203                   98.3460                   76.0792                   83.9522                      3075                   89.2520                   86.1463                    3.8548                   97.1698                   93.7886                   11.5645                   99.2588                   95.8049                   38.5210                      2968                      3075                    0.0399                    2.9300                   -0.1171                    3.0472                    0.8898                                                                              
text-adapter mem-only                                                                                                                                                                                                                                                                                                                                                                                                                                                                                                           94.4953                   47.0606                   94.5081                   47.0569                   94.9738                   48.5181                   95.0084                   48.5483                   74.1016                      3075                   62.4326                   60.2602                    3.8548                   86.1186                   83.1220                   11.5645                   95.8558                   92.5203                   38.5210                      2968                      3075                    0.0399                    1.6850                   -0.0701                    1.7551                    0.0438                                                                              
text-adapter fused                                                                                                                                                                                                                                                                                                                                                                                                                                                                                                              98.2864                   75.3959                   98.2705                   75.1951                   98.4652                   74.0679                   98.4531                   73.9324                   87.6108                      3075                   90.9030                   87.7398                    3.8548                   97.9784                   94.5691                   11.5645                   99.4272                   95.9675                   38.5210                      2968                      3075                    0.0399                    2.1717                   -0.0886                    2.2603                    0.3677                                                                              
[report] 已写入 text__brain_f__seed111.csv / text__brain_f__seed111.json / all_stages.csv  (5 行)
[proto] 来源 few_shot(40+44, 84 张) | Kn=6 Ka=6 | layers=[3, 6, 9, 11] | double_norm=False
[proto] 正常 patch 7,840 | 异常 patch 335 (来自 42/44 张异常切片)
[proto] 注意: 2 张异常切片的 14x14 mask 为空 (4.5%),已排除
[text] 基线锚点 ['normal', 'tumor'] -> W_text (512, 2)
[text] 分层 t0 global (2, 512) attr 4 lesion (2, 512)
[text] 已加载 runs/.../text.pt 适配器
[mem] 异常 patch 335 | 正常 patch 7840 (from 40 张) | 位置感知=开
[text] 支持集 A_text peak_gap_z=+0.679 → sign=1

=== Stage 1: 冻结原型,训练分类适配器 ===
[stage1] 训练样本 84 张 (train_scope=few_shot) | 异常 44 正常 40 | batch 16 × 5 step/epoch | 折内早停=关(训满 epoch)
[stage1] 病灶特征池化完成 (7544, 512) (0.0s) | Patch Adapter=开
[cv] OOF 负例: leftover valid 正常 39 张 (不进原型 / Memory / 训练)
[stage1] fold hold 00124  train 80 / val 4
  00124 ep  0 loss 2.5735 val AUC 1.0000 | cos 0.923
  00124 ep  4 loss 0.1623 val AUC 1.0000 | cos 0.805
  00124 ep  8 loss 0.0136 val AUC 1.0000 | cos 0.753
  00124 ep 12 loss 0.0102 val AUC 1.0000 | cos 0.741
  00124 ep 16 loss 0.0097 val AUC 1.0000 | cos 0.738
  00124 ep 19 loss 0.0108 val AUC 1.0000 | cos 0.738
[stage1] fold hold 00134  train 80 / val 4
  00134 ep  0 loss 2.7105 val AUC 1.0000 | cos 0.912
  00134 ep  4 loss 0.1801 val AUC 1.0000 | cos 0.812
  00134 ep  8 loss 0.0174 val AUC 1.0000 | cos 0.758
  00134 ep 12 loss 0.0091 val AUC 1.0000 | cos 0.744
  00134 ep 16 loss 0.0103 val AUC 1.0000 | cos 0.741
  00134 ep 19 loss 0.0112 val AUC 1.0000 | cos 0.741
[stage1] fold hold 00154  train 80 / val 4
  00154 ep  0 loss 2.9071 val AUC 1.0000 | cos 0.922
  00154 ep  4 loss 0.1610 val AUC 1.0000 | cos 0.812
  00154 ep  8 loss 0.0196 val AUC 1.0000 | cos 0.756
  00154 ep 12 loss 0.0098 val AUC 1.0000 | cos 0.743
  00154 ep 16 loss 0.0092 val AUC 1.0000 | cos 0.740
  00154 ep 19 loss 0.0088 val AUC 1.0000 | cos 0.739
[stage1] fold hold 00191  train 80 / val 4
  00191 ep  0 loss 2.8219 val AUC 0.9487 | cos 0.918
  00191 ep  4 loss 0.1991 val AUC 0.9103 | cos 0.800
  00191 ep  8 loss 0.0202 val AUC 0.8974 | cos 0.750
  00191 ep 12 loss 0.0068 val AUC 0.8974 | cos 0.737
  00191 ep 16 loss 0.0083 val AUC 0.8974 | cos 0.735
  00191 ep 19 loss 0.0089 val AUC 0.8974 | cos 0.734
[stage1] fold hold 00630  train 80 / val 4
  00630 ep  0 loss 2.1023 val AUC 0.6538 | cos 0.899
  00630 ep  4 loss 0.2260 val AUC 0.6282 | cos 0.798
  00630 ep  8 loss 0.0166 val AUC 0.6282 | cos 0.753
  00630 ep 12 loss 0.0109 val AUC 0.6346 | cos 0.741
  00630 ep 16 loss 0.0066 val AUC 0.6346 | cos 0.738
  00630 ep 19 loss 0.0060 val AUC 0.6346 | cos 0.737
[stage1] fold hold 00803  train 80 / val 4
  00803 ep  0 loss 2.8350 val AUC 1.0000 | cos 0.914
  00803 ep  4 loss 0.1658 val AUC 0.9808 | cos 0.811
  00803 ep  8 loss 0.0203 val AUC 1.0000 | cos 0.759
  00803 ep 12 loss 0.0101 val AUC 1.0000 | cos 0.746
  00803 ep 16 loss 0.0093 val AUC 1.0000 | cos 0.742
  00803 ep 19 loss 0.0088 val AUC 1.0000 | cos 0.742
[stage1] fold hold 01180  train 80 / val 4
  01180 ep  0 loss 2.3217 val AUC 0.7628 | cos 0.908
  01180 ep  4 loss 0.1856 val AUC 0.7756 | cos 0.815
  01180 ep  8 loss 0.0128 val AUC 0.7885 | cos 0.763
  01180 ep 12 loss 0.0087 val AUC 0.7885 | cos 0.751
  01180 ep 16 loss 0.0084 val AUC 0.7821 | cos 0.747
  01180 ep 19 loss 0.0101 val AUC 0.7821 | cos 0.747
[stage1] fold hold 01388  train 80 / val 4
  01388 ep  0 loss 2.9410 val AUC 0.9679 | cos 0.921
  01388 ep  4 loss 0.1837 val AUC 0.9423 | cos 0.801
  01388 ep  8 loss 0.0177 val AUC 0.9295 | cos 0.749
  01388 ep 12 loss 0.0118 val AUC 0.9295 | cos 0.737
  01388 ep 16 loss 0.0225 val AUC 0.9295 | cos 0.734
  01388 ep 19 loss 0.0086 val AUC 0.9295 | cos 0.733
[stage1] fold hold 01471  train 80 / val 4
  01471 ep  0 loss 2.4539 val AUC 0.9103 | cos 0.914
  01471 ep  4 loss 0.2220 val AUC 0.8974 | cos 0.807
  01471 ep  8 loss 0.0167 val AUC 0.8974 | cos 0.755
  01471 ep 12 loss 0.0076 val AUC 0.8974 | cos 0.742
  01471 ep 16 loss 0.0114 val AUC 0.8974 | cos 0.738
  01471 ep 19 loss 0.0101 val AUC 0.8974 | cos 0.738
[stage1] fold hold 01597  train 80 / val 4
  01597 ep  0 loss 2.8520 val AUC 0.9615 | cos 0.919
  01597 ep  4 loss 0.1662 val AUC 0.9359 | cos 0.813
  01597 ep  8 loss 0.0208 val AUC 0.9295 | cos 0.758
  01597 ep 12 loss 0.0082 val AUC 0.9295 | cos 0.745
  01597 ep 16 loss 0.0094 val AUC 0.9359 | cos 0.742
  01597 ep 19 loss 0.0105 val AUC 0.9359 | cos 0.741
[stage1] fold hold 01646  train 80 / val 4
  01646 ep  0 loss 2.3761 val AUC 0.5577 | cos 0.905
  01646 ep  4 loss 0.1207 val AUC 0.5000 | cos 0.799
  01646 ep  8 loss 0.0163 val AUC 0.5000 | cos 0.750
  01646 ep 12 loss 0.0094 val AUC 0.5000 | cos 0.738
  01646 ep 16 loss 0.0069 val AUC 0.5000 | cos 0.735
  01646 ep 19 loss 0.0081 val AUC 0.5000 | cos 0.735
[stage1] 症例 CV 固定 epoch=20 (折内最优 [0, 0, 0, 0, 1, 0, 6, 0, 0, 0, 0])
  final ep  0 loss 2.5755 | cos 0.915
  final ep  4 loss 0.2153 | cos 0.804
  final ep  8 loss 0.0135 | cos 0.753
  final ep 12 loss 0.0102 | cos 0.740
  final ep 16 loss 0.0066 | cos 0.738
  final ep 19 loss 0.0104 | cos 0.737
[cv] OOF fuse_w {'proto': 0.5, 'text': 0.25, 'mem': 0.25}  hit@1=0.8202  alpha_fuse=0.050  AUC=0.9143
[cv] OOF α_pt=30.0 λ_pt=0.0  acc=9.51
[cv] OOF 图像分 w_heat=0.10 w_text=0.80 w_adapt=0.10
[stage1] 最优 epoch 19 (val AUC nan), 最终 cos img 0.7372 / les 0.6924
  [warn] Stage1 (冻结原型): 最优 (α_pt,λ_pt)=(30.0,0.0) 落在网格边界,建议扩网格

=== Stage 2: 解冻原型 + 定位损失 ===
[cache] layer 3 memmap (7544, 196, 512) float16 → patch_l3_fp16.npy
[cache] layer 6 memmap (7544, 196, 512) float16 → patch_l6_fp16.npy
[cache] layer 9 memmap (7544, 196, 512) float16 → patch_l9_fp16.npy
[cache] layer 11 memmap (7544, 196, 512) float16 → patch_l11_fp16.npy
[stage2] 训练样本 84 张 | batch 16 × 5 step/epoch | 折内早停=关(训满 epoch)
[stage2] fold hold 00124  train 80 / val 4
  00124 ep  0 loss 2.7764 score 1.0000 hit@1 1.0000 | drift n 8.44e-04 a 8.22e-04
  00124 ep  5 loss 2.4714 score 1.0000 hit@1 1.0000 | drift n 1.86e-02 a 1.99e-02
  00124 ep 10 loss 2.1482 score 1.0000 hit@1 1.0000 | drift n 3.78e-02 a 4.84e-02
  00124 ep 15 loss 1.7032 score 1.0000 hit@1 1.0000 | drift n 5.00e-02 a 7.50e-02
  00124 ep 20 loss 1.7844 score 1.0000 hit@1 1.0000 | drift n 5.86e-02 a 9.77e-02
  00124 ep 25 loss 1.7408 score 1.0000 hit@1 1.0000 | drift n 6.45e-02 a 1.13e-01
  00124 ep 30 loss 2.0187 score 1.0000 hit@1 1.0000 | drift n 6.78e-02 a 1.20e-01
  00124 ep 35 loss 1.7187 score 1.0000 hit@1 1.0000 | drift n 6.90e-02 a 1.23e-01
  00124 ep 39 loss 1.8380 score 1.0000 hit@1 1.0000 | drift n 6.91e-02 a 1.24e-01
[stage2] fold hold 00134  train 80 / val 4
  00134 ep  0 loss 3.2186 score 1.0000 hit@1 1.0000 | drift n 9.51e-04 a 8.82e-04
  00134 ep  5 loss 2.5660 score 1.0000 hit@1 1.0000 | drift n 1.92e-02 a 2.06e-02
  00134 ep 10 loss 2.2321 score 1.0000 hit@1 1.0000 | drift n 3.71e-02 a 4.69e-02
  00134 ep 15 loss 2.0089 score 1.0000 hit@1 1.0000 | drift n 4.90e-02 a 6.95e-02
  00134 ep 20 loss 1.8279 score 1.0000 hit@1 1.0000 | drift n 5.78e-02 a 8.84e-02
  00134 ep 25 loss 1.7211 score 1.0000 hit@1 1.0000 | drift n 6.37e-02 a 1.01e-01
  00134 ep 30 loss 1.7578 score 1.0000 hit@1 1.0000 | drift n 6.70e-02 a 1.08e-01
  00134 ep 35 loss 1.6268 score 1.0000 hit@1 1.0000 | drift n 6.82e-02 a 1.11e-01
  00134 ep 39 loss 1.8625 score 1.0000 hit@1 1.0000 | drift n 6.83e-02 a 1.11e-01
[stage2] fold hold 00154  train 80 / val 4
  00154 ep  0 loss 2.9394 score 0.8750 hit@1 0.7500 | drift n 8.98e-04 a 8.71e-04
  00154 ep  5 loss 2.2885 score 1.0000 hit@1 1.0000 | drift n 1.91e-02 a 2.03e-02
  00154 ep 10 loss 1.9761 score 1.0000 hit@1 1.0000 | drift n 3.61e-02 a 4.67e-02
  00154 ep 15 loss 1.8238 score 1.0000 hit@1 1.0000 | drift n 4.73e-02 a 7.17e-02
  00154 ep 20 loss 2.0732 score 1.0000 hit@1 1.0000 | drift n 5.62e-02 a 9.09e-02
  00154 ep 25 loss 1.8417 score 1.0000 hit@1 1.0000 | drift n 6.21e-02 a 1.04e-01
  00154 ep 30 loss 1.8795 score 1.0000 hit@1 1.0000 | drift n 6.53e-02 a 1.11e-01
  00154 ep 35 loss 1.9162 score 1.0000 hit@1 1.0000 | drift n 6.64e-02 a 1.13e-01
  00154 ep 39 loss 1.8688 score 1.0000 hit@1 1.0000 | drift n 6.66e-02 a 1.13e-01
[stage2] fold hold 00191  train 80 / val 4
  00191 ep  0 loss 2.8634 score 0.8237 hit@1 0.7500 | drift n 9.29e-04 a 8.85e-04
  00191 ep  5 loss 2.1522 score 0.8237 hit@1 0.7500 | drift n 2.00e-02 a 2.09e-02
  00191 ep 10 loss 2.0582 score 0.8237 hit@1 0.7500 | drift n 3.68e-02 a 4.80e-02
  00191 ep 15 loss 1.8484 score 0.8237 hit@1 0.7500 | drift n 4.83e-02 a 7.20e-02
  00191 ep 20 loss 1.8413 score 0.8237 hit@1 0.7500 | drift n 5.77e-02 a 9.12e-02
  00191 ep 25 loss 2.0072 score 0.8237 hit@1 0.7500 | drift n 6.40e-02 a 1.05e-01
  00191 ep 30 loss 1.5973 score 0.8237 hit@1 0.7500 | drift n 6.74e-02 a 1.12e-01
  00191 ep 35 loss 1.9546 score 0.8237 hit@1 0.7500 | drift n 6.87e-02 a 1.15e-01
  00191 ep 39 loss 1.5282 score 0.8237 hit@1 0.7500 | drift n 6.89e-02 a 1.15e-01
[stage2] fold hold 00630  train 80 / val 4
  00630 ep  0 loss 2.8566 score 0.8173 hit@1 1.0000 | drift n 9.01e-04 a 8.82e-04
  00630 ep  5 loss 1.8926 score 0.8269 hit@1 1.0000 | drift n 1.95e-02 a 2.05e-02
  00630 ep 10 loss 2.1118 score 0.8269 hit@1 1.0000 | drift n 3.65e-02 a 4.69e-02
  00630 ep 15 loss 1.8896 score 0.8269 hit@1 1.0000 | drift n 4.81e-02 a 7.06e-02
  00630 ep 20 loss 1.8662 score 0.8269 hit@1 1.0000 | drift n 5.76e-02 a 9.00e-02
  00630 ep 25 loss 1.7264 score 0.8269 hit@1 1.0000 | drift n 6.39e-02 a 1.02e-01
  00630 ep 30 loss 1.8165 score 0.8269 hit@1 1.0000 | drift n 6.72e-02 a 1.09e-01
  00630 ep 35 loss 1.6569 score 0.8269 hit@1 1.0000 | drift n 6.85e-02 a 1.11e-01
  00630 ep 39 loss 1.7829 score 0.8269 hit@1 1.0000 | drift n 6.86e-02 a 1.12e-01
[stage2] fold hold 00803  train 80 / val 4
  00803 ep  0 loss 2.8299 score 1.0000 hit@1 1.0000 | drift n 8.57e-04 a 8.29e-04
  00803 ep  5 loss 2.2825 score 1.0000 hit@1 1.0000 | drift n 1.86e-02 a 2.03e-02
  00803 ep 10 loss 1.8939 score 1.0000 hit@1 1.0000 | drift n 3.54e-02 a 4.65e-02
  00803 ep 15 loss 1.8781 score 1.0000 hit@1 1.0000 | drift n 4.73e-02 a 7.19e-02
  00803 ep 20 loss 1.7189 score 1.0000 hit@1 1.0000 | drift n 5.70e-02 a 9.19e-02
  00803 ep 25 loss 1.6717 score 1.0000 hit@1 1.0000 | drift n 6.33e-02 a 1.06e-01
  00803 ep 30 loss 2.0108 score 1.0000 hit@1 1.0000 | drift n 6.68e-02 a 1.14e-01
  00803 ep 35 loss 1.6561 score 1.0000 hit@1 1.0000 | drift n 6.81e-02 a 1.16e-01
  00803 ep 39 loss 1.6743 score 1.0000 hit@1 1.0000 | drift n 6.83e-02 a 1.17e-01
[stage2] fold hold 01180  train 80 / val 4
  01180 ep  0 loss 3.3710 score 0.8910 hit@1 1.0000 | drift n 9.54e-04 a 8.77e-04
  01180 ep  5 loss 2.5085 score 0.8910 hit@1 1.0000 | drift n 2.03e-02 a 2.11e-02
  01180 ep 10 loss 1.8968 score 0.8942 hit@1 1.0000 | drift n 3.85e-02 a 4.73e-02
  01180 ep 15 loss 1.6415 score 0.8942 hit@1 1.0000 | drift n 5.03e-02 a 7.07e-02
  01180 ep 20 loss 1.8465 score 0.8910 hit@1 1.0000 | drift n 5.90e-02 a 8.91e-02
  01180 ep 25 loss 1.7376 score 0.8910 hit@1 1.0000 | drift n 6.49e-02 a 1.03e-01
  01180 ep 30 loss 1.7469 score 0.8910 hit@1 1.0000 | drift n 6.83e-02 a 1.09e-01
  01180 ep 35 loss 1.9408 score 0.8910 hit@1 1.0000 | drift n 6.95e-02 a 1.12e-01
  01180 ep 39 loss 1.5911 score 0.8910 hit@1 1.0000 | drift n 6.97e-02 a 1.12e-01
[stage2] fold hold 01388  train 80 / val 4
  01388 ep  0 loss 3.0178 score 0.9647 hit@1 1.0000 | drift n 8.89e-04 a 8.96e-04
  01388 ep  5 loss 2.4377 score 0.9647 hit@1 1.0000 | drift n 1.88e-02 a 2.08e-02
  01388 ep 10 loss 1.9330 score 0.9583 hit@1 1.0000 | drift n 3.64e-02 a 4.66e-02
  01388 ep 15 loss 1.6996 score 0.9583 hit@1 1.0000 | drift n 4.80e-02 a 7.00e-02
  01388 ep 20 loss 1.5918 score 0.9583 hit@1 1.0000 | drift n 5.69e-02 a 8.88e-02
  01388 ep 25 loss 1.6658 score 0.9583 hit@1 1.0000 | drift n 6.31e-02 a 1.02e-01
  01388 ep 30 loss 1.8748 score 0.9583 hit@1 1.0000 | drift n 6.65e-02 a 1.08e-01
  01388 ep 35 loss 1.6984 score 0.9583 hit@1 1.0000 | drift n 6.76e-02 a 1.11e-01
  01388 ep 39 loss 2.0207 score 0.9583 hit@1 1.0000 | drift n 6.77e-02 a 1.11e-01
[stage2] fold hold 01471  train 80 / val 4
  01471 ep  0 loss 3.1918 score 0.9455 hit@1 1.0000 | drift n 8.78e-04 a 9.02e-04
  01471 ep  5 loss 2.1402 score 0.9455 hit@1 1.0000 | drift n 1.88e-02 a 1.99e-02
  01471 ep 10 loss 1.9110 score 0.9455 hit@1 1.0000 | drift n 3.62e-02 a 4.74e-02
  01471 ep 15 loss 1.5001 score 0.9455 hit@1 1.0000 | drift n 4.90e-02 a 7.19e-02
  01471 ep 20 loss 1.5311 score 0.9455 hit@1 1.0000 | drift n 5.90e-02 a 9.12e-02
  01471 ep 25 loss 1.5454 score 0.9455 hit@1 1.0000 | drift n 6.57e-02 a 1.04e-01
  01471 ep 30 loss 1.5833 score 0.9455 hit@1 1.0000 | drift n 6.94e-02 a 1.11e-01
  01471 ep 35 loss 1.4004 score 0.9455 hit@1 1.0000 | drift n 7.06e-02 a 1.14e-01
  01471 ep 39 loss 1.5536 score 0.9455 hit@1 1.0000 | drift n 7.08e-02 a 1.14e-01
[stage2] fold hold 01597  train 80 / val 4
  01597 ep  0 loss 3.0440 score 0.9679 hit@1 1.0000 | drift n 9.23e-04 a 8.63e-04
  01597 ep  5 loss 2.3585 score 0.9679 hit@1 1.0000 | drift n 1.96e-02 a 2.01e-02
  01597 ep 10 loss 1.7311 score 0.9679 hit@1 1.0000 | drift n 3.79e-02 a 4.54e-02
  01597 ep 15 loss 1.5406 score 0.9679 hit@1 1.0000 | drift n 4.93e-02 a 6.92e-02
  01597 ep 20 loss 1.5814 score 0.9679 hit@1 1.0000 | drift n 5.81e-02 a 8.87e-02
  01597 ep 25 loss 1.7342 score 0.9647 hit@1 1.0000 | drift n 6.39e-02 a 1.02e-01
  01597 ep 30 loss 1.2642 score 0.9647 hit@1 1.0000 | drift n 6.72e-02 a 1.09e-01
  01597 ep 35 loss 1.6862 score 0.9647 hit@1 1.0000 | drift n 6.85e-02 a 1.11e-01
  01597 ep 39 loss 1.9631 score 0.9647 hit@1 1.0000 | drift n 6.86e-02 a 1.11e-01
[stage2] fold hold 01646  train 80 / val 4
  01646 ep  0 loss 2.6030 score 0.5833 hit@1 0.6667 | drift n 8.55e-04 a 8.97e-04
  01646 ep  5 loss 1.8064 score 0.5801 hit@1 0.6667 | drift n 1.89e-02 a 2.10e-02
  01646 ep 10 loss 1.7367 score 0.5801 hit@1 0.6667 | drift n 3.59e-02 a 4.94e-02
  01646 ep 15 loss 1.4766 score 0.5801 hit@1 0.6667 | drift n 4.92e-02 a 7.56e-02
  01646 ep 20 loss 1.4210 score 0.5801 hit@1 0.6667 | drift n 6.02e-02 a 9.49e-02
  01646 ep 25 loss 1.2473 score 0.5801 hit@1 0.6667 | drift n 6.72e-02 a 1.09e-01
  01646 ep 30 loss 1.4747 score 0.5801 hit@1 0.6667 | drift n 7.10e-02 a 1.16e-01
  01646 ep 35 loss 1.3609 score 0.5801 hit@1 0.6667 | drift n 7.24e-02 a 1.19e-01
  01646 ep 39 loss 1.7921 score 0.5801 hit@1 0.6667 | drift n 7.26e-02 a 1.19e-01
[stage2] 症例 CV 固定 epoch=40 (折内最优 [0, 0, 3, 0, 5, 0, 6, 0, 0, 0, 0])
  final ep  0 loss 3.4849 | drift n 9.30e-04 a 8.79e-04
  final ep  5 loss 2.2421 | drift n 1.90e-02 a 1.98e-02
  final ep 10 loss 2.0609 | drift n 3.69e-02 a 4.45e-02
  final ep 15 loss 1.9712 | drift n 4.86e-02 a 6.76e-02
  final ep 20 loss 1.5289 | drift n 5.72e-02 a 8.64e-02
  final ep 25 loss 1.5817 | drift n 6.36e-02 a 9.80e-02
  final ep 30 loss 1.7384 | drift n 6.71e-02 a 1.05e-01
  final ep 35 loss 1.5675 | drift n 6.82e-02 a 1.07e-01
  final ep 39 loss 1.7049 | drift n 6.84e-02 a 1.07e-01
[stage2] 在 OOF 异常切片上训空间门控
  [spatial] ep  0 tversky 0.7234
  [spatial] ep 10 tversky 0.7228
  [spatial] ep 20 tversky 0.7222
  [spatial] ep 30 tversky 0.7216
  [spatial] ep 39 tversky 0.7209
[stage2] OOF 二值 mask τ=0.80  Dice=0.7191 (eval_size=240, 拟合 Dice, 非 test)
[stage2] OOF 空间门控 hit@1=0.9167  alpha_fuse=0.050  AUC=0.9388  α_pt=0.0 λ_pt=0.0
[stage2] 线性融合(未部署) fuse_w={'proto': 0.75, 'text': 0.0, 'mem': 0.25}  hit@1=0.8861
[stage2] OOF 图像分 w_heat=0.40 w_text=0.30 w_adapt=0.30
[stage2] 最优 epoch 39 (score nan hit@1 nan), 用时 2.1 分钟
  [warn] Stage2 (解冻原型): 最优 (α_pt,λ_pt)=(0.0,0.0) 落在网格边界,建议扩网格

====================================================================================================
Stage 1 vs Stage 2(test 集)
====================================================================================================
                                                 tag                  alpha_pt                    lam_pt                   val_acc              edge_warning            acc_image_only           acc_lesion_only                 acc_fused            acc_text_fused                    w_heat                    w_text                   w_adapt                 image_auc                  image_ap                alpha_fuse               oof_img_auc            auc_heat_alone            auc_text_alone           auc_adapt_alone               auc_3signal          pixel_auc_paclip           pixel_ap_paclip    pixel_auc_paclip_fixed     pixel_ap_paclip_fixed            pixel_auc_ours             pixel_ap_ours      pixel_auc_ours_fixed       pixel_ap_ours_fixed               pixel_aupro            n_pixel_slices               hit@1_valid              hit@1_strict              hit@1_chance               hit@3_valid              hit@3_strict              hit@3_chance              hit@10_valid             hit@10_strict             hit@10_chance                   n_valid                   n_total          lesion_area_mean                  lesion_z              background_z                 gap_sigma                peak_gap_z                 mask_dice                  mask_iou                  post_tau
Stage1 (冻结原型)                          Stage1 (冻结原型)                   30.0000                    0.0000                    9.5137                      True                 8277.2541                 8277.2541                 8277.2541                 8277.2541                    0.1000                    0.8000                    0.1000                   95.9562                   99.1605                    0.0500                   91.4336                    0.9139                    0.5000                    0.9183                    0.9596                   98.1934                   74.5855                   98.1743                   74.3648                   98.4239                   73.9152                   98.4081                   73.7506                   87.1788                      3075                   89.1509                   86.0488                    3.8548                   97.4057                   94.0163                   11.5645                   99.3598                   95.9024                   38.5210                      2968                      3075                    0.0399                    2.2352                   -0.0907                    2.3258                    0.3809                    0.1955                    0.1117                    0.5000
Stage1 (冻结原型) proto-only                                                                                                                                                                                                                                                                                                                                                                                                                                                                                                                                                             97.9481                   68.4768                   97.9356                   68.2874                   98.2130                   69.8384                   98.2075                   69.7152                   84.7191                      3075                   81.5364                   78.6992                    3.8548                   96.1590                   92.8130                   11.5645                   99.3598                   95.9024                   38.5210                      2968                      3075                    0.0399                    1.8359                   -0.0751                    1.9110                    0.1649                                                                              
Stage1 (冻结原型) text-only                                                                                                                                                                                                                                                                                                                                                                                                                                                                                                                                                              97.5050                   73.3882                   97.4651                   73.1017                   97.9794                   74.5314                   97.9551                   74.3348                   82.8299                      3075                   86.7925                   83.7724                    3.8548                   96.5970                   93.2358                   11.5645                   99.0566                   95.6098                   38.5210                      2968                      3075                    0.0399                    2.8087                   -0.1120                    2.9207                    0.8319                                                                              
Stage1 (冻结原型) mem-only                                                                                                                                                                                                                                                                                                                                                                                                                                                                                                                                                               93.6763                   43.1722                   93.6907                   43.2342                   94.0593                   43.6141                   94.0942                   43.7252                   71.6077                      3075                   56.5701                   54.6016                    3.8548                   81.7385                   78.8943                   11.5645                   94.6092                   91.3171                   38.5210                      2968                      3075                    0.0399                    1.5562                   -0.0651                    1.6213                    0.0167                                                                              
Stage1 (冻结原型) fused                                                                                                                                                                                                                                                                                                                                                                                                                                                                                                                                                                  98.1934                   74.5855                   98.1743                   74.3648                   98.4239                   73.9152                   98.4081                   73.7506                   87.1788                      3075                   89.1509                   86.0488                    3.8548                   97.4057                   94.0163                   11.5645                   99.3598                   95.9024                   38.5210                      2968                      3075                    0.0399                    2.2352                   -0.0907                    2.3258                    0.3809                                                                              
Stage2 (解冻原型)                          Stage2 (解冻原型)                    0.0000                    0.0000                    9.3023                      True                 8277.2541                 8277.2541                 8277.2541                 8277.2541                    0.4000                    0.3000                    0.3000                   96.5137                   99.2842                    0.0500                   93.8811                    0.9396                    0.5000                    0.9202                    0.9651                   98.4961                   78.7934                   98.4801                   78.6006                   98.7883                   78.7153                   98.7782                   78.5954                   89.0890                      3075                   94.2048                   90.9268                    3.8548                   98.2480                   94.8293                   11.5645                   99.5620                   96.0976                   38.5210                      2968                      3075                    0.0399                    2.5766                   -0.1038                    2.6804                    0.7141                    0.7018                    0.5789                    0.8000
Stage2 (解冻原型) proto-only                                                                                                                                                                                                                                                                                                                                                                                                                                                                                                                                                             98.7307                   81.2277                   98.7211                   81.1045                   99.1018                   83.9714                   99.0962                   83.8811                   89.9402                      3075                   95.8558                   92.5203                    3.8548                   98.6860                   95.2520                   11.5645                   99.5620                   96.0976                   38.5210                      2968                      3075                    0.0399                    2.5706                   -0.1034                    2.6740                    0.8432                                                                              
Stage2 (解冻原型) text-only                                                                                                                                                                                                                                                                                                                                                                                                                                                                                                                                                              97.8570                   74.2804                   97.8299                   74.0027                   98.3492                   76.1986                   98.3361                   76.0394                   84.2929                      3075                   89.1172                   86.0163                    3.8548                   97.1361                   93.7561                   11.5645                   99.2588                   95.8049                   38.5210                      2968                      3075                    0.0399                    2.9586                   -0.1179                    3.0766                    0.8928                                                                              
Stage2 (解冻原型) mem-only                                                                                                                                                                                                                                                                                                                                                                                                                                                                                                                                                               94.1514                   45.5476                   94.1630                   45.5896                   94.5819                   46.2575                   94.6158                   46.3490                   73.2138                      3075                   59.6361                   57.5610                    3.8548                   84.0297                   81.1057                   11.5645                   95.4852                   92.1626                   38.5210                      2968                      3075                    0.0399                    1.6193                   -0.0676                    1.6869                    0.0280                                                                              
Stage2 (解冻原型) fused                                                                                                                                                                                                                                                                                                                                                                                                                                                                                                                                                                  98.4961                   78.7934                   98.4801                   78.6006                   98.7883                   78.7153                   98.7782                   78.5954                   89.0890                      3075                   94.2048                   90.9268                    3.8548                   98.2480                   94.8293                   11.5645                   99.5620                   96.0976                   38.5210                      2968                      3075                    0.0399                    2.5766                   -0.1038                    2.6804                    0.7141                                                                              
[report] 已写入 stage1_vs_stage2__brain_f__seed111.csv / stage1_vs_stage2__brain_f__seed111.json / all_stages.csv  (10 行)

======== seed 222 (2/5) ========
[proto] 来源 few_shot(40+44, 84 张) | Kn=6 Ka=6 | layers=[3, 6, 9, 11] | double_norm=False
[proto] 正常 patch 7,840 | 异常 patch 335 (来自 42/44 张异常切片)
[proto] 注意: 2 张异常切片的 14x14 mask 为空 (4.5%),已排除
[text] 基线锚点 ['normal', 'tumor'] -> W_text (512, 2)
[text] 分层 t0 global (2, 512) attr 4 lesion (2, 512)
[text] 已加载 runs/.../text.pt 适配器
[mem] 异常 patch 335 | 正常 patch 7840 (from 40 张) | 位置感知=开
[text] 支持集 A_text peak_gap_z=+0.653 → sign=1

=== Stage text: Residual Adapter + 分层锚点 ===
[text] 警告: 2 张异常 14x14 mask 为空,L_patch 将跳过它们
[text] batch 16 × 5 step/epoch | 折内早停=关(训满 epoch)
[text] fold hold 00124  train 40 / val 4
  00124 ep  0 loss 3.0125 val 0.5000
  00124 ep 10 loss 0.7301 val 0.7821
  00124 ep 20 loss 0.4779 val 0.7500
  00124 ep 30 loss 0.3696 val 0.7500
  00124 ep 40 loss 0.3480 val 0.7500
  00124 ep 50 loss 0.3457 val 0.7500
  00124 ep 60 loss 0.3496 val 0.7500
  00124 ep 70 loss 0.3447 val 0.7500
  00124 ep 79 loss 0.3303 val 0.7500
[cv] OOF 负例: leftover valid 正常 39 张 (不进原型 / Memory / 训练)
[text] fold hold 00134  train 40 / val 4
  00134 ep  0 loss 3.0659 val 0.4808
  00134 ep 10 loss 0.7220 val 0.7821
  00134 ep 20 loss 0.4337 val 0.7500
  00134 ep 30 loss 0.3880 val 0.7500
  00134 ep 40 loss 0.3529 val 0.7500
  00134 ep 50 loss 0.3560 val 0.7500
  00134 ep 60 loss 0.3434 val 0.7500
  00134 ep 70 loss 0.3389 val 0.7500
  00134 ep 79 loss 0.3343 val 0.7500
[text] fold hold 00154  train 40 / val 4
  00154 ep  0 loss 3.0220 val 0.5000
  00154 ep 10 loss 0.7625 val 0.6442
  00154 ep 20 loss 0.4748 val 0.6250
  00154 ep 30 loss 0.3735 val 0.6250
  00154 ep 40 loss 0.3622 val 0.6250
  00154 ep 50 loss 0.3634 val 0.6250
  00154 ep 60 loss 0.3453 val 0.6250
  00154 ep 70 loss 0.3566 val 0.6250
  00154 ep 79 loss 0.3550 val 0.6250
[text] fold hold 00191  train 40 / val 4
  00191 ep  0 loss 3.0569 val 0.4583
  00191 ep 10 loss 0.7239 val 0.5449
  00191 ep 20 loss 0.4595 val 0.6250
  00191 ep 30 loss 0.3568 val 0.6250
  00191 ep 40 loss 0.3563 val 0.6250
  00191 ep 50 loss 0.3508 val 0.6250
  00191 ep 60 loss 0.3345 val 0.6250
  00191 ep 70 loss 0.3320 val 0.6250
  00191 ep 79 loss 0.3304 val 0.6250
[text] fold hold 00630  train 40 / val 4
  00630 ep  0 loss 2.9998 val 0.3429
  00630 ep 10 loss 0.7361 val 0.5321
  00630 ep 20 loss 0.4593 val 0.5000
  00630 ep 30 loss 0.3573 val 0.6250
  00630 ep 40 loss 0.3547 val 0.5000
  00630 ep 50 loss 0.3485 val 0.5000
  00630 ep 60 loss 0.3452 val 0.5000
  00630 ep 70 loss 0.3387 val 0.5000
  00630 ep 79 loss 0.3178 val 0.5000
[text] fold hold 00803  train 40 / val 4
  00803 ep  0 loss 3.0670 val 0.4615
  00803 ep 10 loss 0.7311 val 0.7821
  00803 ep 20 loss 0.4649 val 0.7500
  00803 ep 30 loss 0.3802 val 0.7500
  00803 ep 40 loss 0.3632 val 0.7500
  00803 ep 50 loss 0.3610 val 0.7500
  00803 ep 60 loss 0.3439 val 0.7500
  00803 ep 70 loss 0.3351 val 0.7500
  00803 ep 79 loss 0.3359 val 0.7500
[text] fold hold 01180  train 40 / val 4
  01180 ep  0 loss 3.0094 val 0.3686
  01180 ep 10 loss 0.6905 val 0.6699
  01180 ep 20 loss 0.4516 val 0.6250
  01180 ep 30 loss 0.3480 val 0.7500
  01180 ep 40 loss 0.3250 val 0.6250
  01180 ep 50 loss 0.3125 val 0.6250
  01180 ep 60 loss 0.3275 val 0.6250
  01180 ep 70 loss 0.3191 val 0.6250
  01180 ep 79 loss 0.3151 val 0.6250
[text] fold hold 01388  train 40 / val 4
  01388 ep  0 loss 3.0604 val 0.5000
  01388 ep 10 loss 0.7276 val 0.7692
  01388 ep 20 loss 0.4634 val 0.7500
  01388 ep 30 loss 0.3888 val 0.7500
  01388 ep 40 loss 0.3683 val 0.7500
  01388 ep 50 loss 0.3596 val 0.7500
  01388 ep 60 loss 0.3621 val 0.7500
  01388 ep 70 loss 0.3353 val 0.7500
  01388 ep 79 loss 0.3253 val 0.7500
[text] fold hold 01471  train 40 / val 4
  01471 ep  0 loss 2.9884 val 0.4712
  01471 ep 10 loss 0.6986 val 0.7885
  01471 ep 20 loss 0.4522 val 0.7500
  01471 ep 30 loss 0.3604 val 0.7500
  01471 ep 40 loss 0.3571 val 0.7500
  01471 ep 50 loss 0.3643 val 0.7500
  01471 ep 60 loss 0.3467 val 0.7500
  01471 ep 70 loss 0.3409 val 0.7500
  01471 ep 79 loss 0.3479 val 0.7500
[text] fold hold 01597  train 40 / val 4
  01597 ep  0 loss 2.9293 val 0.4712
  01597 ep 10 loss 0.7025 val 0.6506
  01597 ep 20 loss 0.4485 val 0.6250
  01597 ep 30 loss 0.3838 val 0.6250
  01597 ep 40 loss 0.3519 val 0.6250
  01597 ep 50 loss 0.3454 val 0.6250
  01597 ep 60 loss 0.3565 val 0.6250
  01597 ep 70 loss 0.3495 val 0.6250
  01597 ep 79 loss 0.3257 val 0.6250
[text] fold hold 01646  train 40 / val 4
  01646 ep  0 loss 2.9441 val 0.1923
  01646 ep 10 loss 0.6926 val 0.5128
  01646 ep 20 loss 0.4479 val 0.4167
  01646 ep 30 loss 0.3683 val 0.4167
  01646 ep 40 loss 0.3623 val 0.4167
  01646 ep 50 loss 0.3737 val 0.4167
  01646 ep 60 loss 0.3579 val 0.4167
  01646 ep 70 loss 0.3535 val 0.4167
  01646 ep 79 loss 0.3406 val 0.4167
[text] 症例 CV 固定 epoch=80 (折内最优 [2, 5, 5, 3, 21, 2, 22, 5, 7, 8, 11])
[text] OOF fuse_w {'proto': 0.5, 'text': 0.25, 'mem': 0.25}  hit@1=0.8166  alpha_fuse=0.050  AUC=0.8666
  final ep  0 loss 3.0754
  final ep 10 loss 0.7368
  final ep 20 loss 0.4817
  final ep 30 loss 0.3925
  final ep 40 loss 0.3656
  final ep 50 loss 0.3787
  final ep 60 loss 0.3416
  final ep 70 loss 0.3495
  final ep 79 loss 0.3515
[text] 支持集 A_text peak_gap_z=+0.653 → sign=1
[text] 权重 /hy-tmp/PA-CLIP-F/runs/brain_f/text__seed222.pt | fuse_w {'proto': 0.5, 'text': 0.25, 'mem': 0.25} | alpha 0.050

====================================================================================================
Stage text (test 集)
====================================================================================================
                                                tag                  alpha_pt                    lam_pt                   val_acc              edge_warning            acc_image_only           acc_lesion_only                 acc_fused            acc_text_fused                    w_heat                    w_text                   w_adapt                 image_auc                  image_ap                alpha_fuse               oof_img_auc            auc_heat_alone            auc_text_alone          pixel_auc_paclip           pixel_ap_paclip    pixel_auc_paclip_fixed     pixel_ap_paclip_fixed            pixel_auc_ours             pixel_ap_ours      pixel_auc_ours_fixed       pixel_ap_ours_fixed               pixel_aupro            n_pixel_slices               hit@1_valid              hit@1_strict              hit@1_chance               hit@3_valid              hit@3_strict              hit@3_chance              hit@10_valid             hit@10_strict             hit@10_chance                   n_valid                   n_total          lesion_area_mean                  lesion_z              background_z                 gap_sigma                peak_gap_z                 mask_dice                  mask_iou                  post_tau
text-adapter                           text-adapter                    0.0000                    0.0000                       nan                     False                 8277.2541                       nan                 8277.2541                 8277.2541                    0.0500                    0.9500                    0.0000                   91.3227                   98.1609                    0.0500                   86.6550                    0.9135                    0.4998                   98.2929                   75.5791                   98.2781                   75.3794                   98.4799                   74.3919                   98.4685                   74.2512                   87.6725                      3075                   91.4084                   88.2276                    3.8548                   97.8437                   94.4390                   11.5645                   99.4609                   96.0000                   38.5210                      2968                      3075                    0.0399                    2.1791                   -0.0888                    2.2679                    0.3765                    0.2038                    0.1170                    0.5000
text-adapter proto-only                                                                                                                                                                                                                                                                                                                                                                                                                                                                                                         97.9767                   69.7825                   97.9651                   69.5972                   98.4317                   73.4396                   98.4299                   73.3554                   85.5791                      3075                   87.2305                   84.1951                    3.8548                   97.3720                   93.9837                   11.5645                   99.4946                   96.0325                   38.5210                      2968                      3075                    0.0399                    1.8228                   -0.0748                    1.8977                    0.1809                                                                              
text-adapter text-only                                                                                                                                                                                                                                                                                                                                                                                                                                                                                                          97.8243                   74.0747                   97.7992                   73.8100                   98.3247                   75.8800                   98.3128                   75.7348                   83.7947                      3075                   88.8477                   85.7561                    3.8548                   97.1361                   93.7561                   11.5645                   99.1914                   95.7398                   38.5210                      2968                      3075                    0.0399                    2.9266                   -0.1170                    3.0436                    0.8789                                                                              
text-adapter mem-only                                                                                                                                                                                                                                                                                                                                                                                                                                                                                                           94.5375                   47.1711                   94.5547                   47.1999                   95.1046                   49.5304                   95.1392                   49.6008                   73.7950                      3075                   62.9717                   60.7805                    3.8548                   87.5674                   84.5203                   11.5645                   95.8558                   92.5203                   38.5210                      2968                      3075                    0.0399                    1.6861                   -0.0701                    1.7562                    0.0387                                                                              
text-adapter fused                                                                                                                                                                                                                                                                                                                                                                                                                                                                                                              98.2929                   75.5791                   98.2781                   75.3794                   98.4799                   74.3919                   98.4685                   74.2512                   87.6725                      3075                   91.4084                   88.2276                    3.8548                   97.8437                   94.4390                   11.5645                   99.4609                   96.0000                   38.5210                      2968                      3075                    0.0399                    2.1791                   -0.0888                    2.2679                    0.3765                                                                              
[report] 已写入 text__brain_f__seed222.csv / text__brain_f__seed222.json / all_stages.csv  (5 行)
[proto] 来源 few_shot(40+44, 84 张) | Kn=6 Ka=6 | layers=[3, 6, 9, 11] | double_norm=False
[proto] 正常 patch 7,840 | 异常 patch 335 (来自 42/44 张异常切片)
[proto] 注意: 2 张异常切片的 14x14 mask 为空 (4.5%),已排除
[text] 基线锚点 ['normal', 'tumor'] -> W_text (512, 2)
[text] 分层 t0 global (2, 512) attr 4 lesion (2, 512)
[text] 已加载 runs/.../text.pt 适配器
[mem] 异常 patch 335 | 正常 patch 7840 (from 40 张) | 位置感知=开
[text] 支持集 A_text peak_gap_z=+0.653 → sign=1

=== Stage 1: 冻结原型,训练分类适配器 ===
[stage1] 训练样本 84 张 (train_scope=few_shot) | 异常 44 正常 40 | batch 16 × 5 step/epoch | 折内早停=关(训满 epoch)
[stage1] 病灶特征池化完成 (7544, 512) (0.0s) | Patch Adapter=开
[cv] OOF 负例: leftover valid 正常 39 张 (不进原型 / Memory / 训练)
[stage1] fold hold 00124  train 80 / val 4
  00124 ep  0 loss 2.9586 val AUC 1.0000 | cos 0.912
  00124 ep  4 loss 0.1152 val AUC 1.0000 | cos 0.799
  00124 ep  8 loss 0.0135 val AUC 1.0000 | cos 0.747
  00124 ep 12 loss 0.0062 val AUC 1.0000 | cos 0.735
  00124 ep 16 loss 0.0077 val AUC 1.0000 | cos 0.733
  00124 ep 19 loss 0.0100 val AUC 1.0000 | cos 0.732
[stage1] fold hold 00134  train 80 / val 4
  00134 ep  0 loss 2.8606 val AUC 1.0000 | cos 0.910
  00134 ep  4 loss 0.1075 val AUC 1.0000 | cos 0.800
  00134 ep  8 loss 0.0140 val AUC 1.0000 | cos 0.749
  00134 ep 12 loss 0.0100 val AUC 1.0000 | cos 0.737
  00134 ep 16 loss 0.0079 val AUC 1.0000 | cos 0.734
  00134 ep 19 loss 0.0071 val AUC 1.0000 | cos 0.733
[stage1] fold hold 00154  train 80 / val 4
  00154 ep  0 loss 2.9665 val AUC 1.0000 | cos 0.914
  00154 ep  4 loss 0.1290 val AUC 1.0000 | cos 0.803
  00154 ep  8 loss 0.0127 val AUC 1.0000 | cos 0.747
  00154 ep 12 loss 0.0084 val AUC 1.0000 | cos 0.736
  00154 ep 16 loss 0.0071 val AUC 1.0000 | cos 0.733
  00154 ep 19 loss 0.0061 val AUC 1.0000 | cos 0.733
[stage1] fold hold 00191  train 80 / val 4
  00191 ep  0 loss 2.3169 val AUC 0.8974 | cos 0.907
  00191 ep  4 loss 0.1049 val AUC 0.8910 | cos 0.796
  00191 ep  8 loss 0.0139 val AUC 0.8910 | cos 0.748
  00191 ep 12 loss 0.0068 val AUC 0.8910 | cos 0.737
  00191 ep 16 loss 0.0080 val AUC 0.8910 | cos 0.734
  00191 ep 19 loss 0.0088 val AUC 0.8910 | cos 0.734
[stage1] fold hold 00630  train 80 / val 4
  00630 ep  0 loss 2.0961 val AUC 0.6987 | cos 0.893
  00630 ep  4 loss 0.1356 val AUC 0.6474 | cos 0.796
  00630 ep  8 loss 0.0155 val AUC 0.6538 | cos 0.749
  00630 ep 12 loss 0.0077 val AUC 0.6603 | cos 0.738
  00630 ep 16 loss 0.0065 val AUC 0.6603 | cos 0.735
  00630 ep 19 loss 0.0064 val AUC 0.6603 | cos 0.734
[stage1] fold hold 00803  train 80 / val 4
  00803 ep  0 loss 2.4265 val AUC 0.9679 | cos 0.904
  00803 ep  4 loss 0.1273 val AUC 0.9936 | cos 0.799
  00803 ep  8 loss 0.0168 val AUC 0.9744 | cos 0.750
  00803 ep 12 loss 0.0082 val AUC 0.9744 | cos 0.738
  00803 ep 16 loss 0.0101 val AUC 0.9744 | cos 0.735
  00803 ep 19 loss 0.0069 val AUC 0.9744 | cos 0.735
[stage1] fold hold 01180  train 80 / val 4
  01180 ep  0 loss 2.0143 val AUC 0.7244 | cos 0.901
  01180 ep  4 loss 0.0807 val AUC 0.7628 | cos 0.802
  01180 ep  8 loss 0.0115 val AUC 0.7628 | cos 0.754
  01180 ep 12 loss 0.0070 val AUC 0.7628 | cos 0.743
  01180 ep 16 loss 0.0062 val AUC 0.7628 | cos 0.740
  01180 ep 19 loss 0.0063 val AUC 0.7628 | cos 0.740
[stage1] fold hold 01388  train 80 / val 4
  01388 ep  0 loss 2.4236 val AUC 0.9551 | cos 0.907
  01388 ep  4 loss 0.1427 val AUC 0.9038 | cos 0.799
  01388 ep  8 loss 0.0131 val AUC 0.8846 | cos 0.749
  01388 ep 12 loss 0.0076 val AUC 0.8846 | cos 0.737
  01388 ep 16 loss 0.0073 val AUC 0.8846 | cos 0.734
  01388 ep 19 loss 0.0057 val AUC 0.8846 | cos 0.733
[stage1] fold hold 01471  train 80 / val 4
  01471 ep  0 loss 2.0924 val AUC 0.8974 | cos 0.902
  01471 ep  4 loss 0.2217 val AUC 0.8846 | cos 0.789
  01471 ep  8 loss 0.0095 val AUC 0.8846 | cos 0.741
  01471 ep 12 loss 0.0079 val AUC 0.8846 | cos 0.730
  01471 ep 16 loss 0.0075 val AUC 0.8846 | cos 0.727
  01471 ep 19 loss 0.0069 val AUC 0.8846 | cos 0.727
[stage1] fold hold 01597  train 80 / val 4
  01597 ep  0 loss 2.5121 val AUC 0.9487 | cos 0.909
  01597 ep  4 loss 0.1737 val AUC 0.8974 | cos 0.797
  01597 ep  8 loss 0.0154 val AUC 0.8974 | cos 0.748
  01597 ep 12 loss 0.0087 val AUC 0.8974 | cos 0.737
  01597 ep 16 loss 0.0057 val AUC 0.8974 | cos 0.734
  01597 ep 19 loss 0.0082 val AUC 0.8974 | cos 0.733
[stage1] fold hold 01646  train 80 / val 4
  01646 ep  0 loss 2.0653 val AUC 0.6218 | cos 0.896
  01646 ep  4 loss 0.2004 val AUC 0.6346 | cos 0.788
  01646 ep  8 loss 0.0631 val AUC 0.6218 | cos 0.742
  01646 ep 12 loss 0.0080 val AUC 0.6154 | cos 0.731
  01646 ep 16 loss 0.0085 val AUC 0.6154 | cos 0.728
  01646 ep 19 loss 0.0059 val AUC 0.6154 | cos 0.728
[stage1] 症例 CV 固定 epoch=20 (折内最优 [0, 0, 0, 0, 0, 2, 3, 0, 0, 0, 3])
  final ep  0 loss 2.3045 | cos 0.901
  final ep  4 loss 0.2358 | cos 0.793
  final ep  8 loss 0.0132 | cos 0.747
  final ep 12 loss 0.0063 | cos 0.735
  final ep 16 loss 0.0064 | cos 0.732
  final ep 19 loss 0.0073 | cos 0.732
[cv] OOF fuse_w {'proto': 0.5, 'text': 0.25, 'mem': 0.25}  hit@1=0.8414  alpha_fuse=0.050  AUC=0.9219
[cv] OOF α_pt=50.0 λ_pt=0.0  acc=11.42
[cv] OOF 图像分 w_heat=0.50 w_text=0.10 w_adapt=0.40
[stage1] 最优 epoch 19 (val AUC nan), 最终 cos img 0.7320 / les 0.6876
  [warn] Stage1 (冻结原型): 最优 (α_pt,λ_pt)=(50.0,0.0) 落在网格边界,建议扩网格

=== Stage 2: 解冻原型 + 定位损失 ===
[cache] layer 3 memmap (7544, 196, 512) float16 → patch_l3_fp16.npy
[cache] layer 6 memmap (7544, 196, 512) float16 → patch_l6_fp16.npy
[cache] layer 9 memmap (7544, 196, 512) float16 → patch_l9_fp16.npy
[cache] layer 11 memmap (7544, 196, 512) float16 → patch_l11_fp16.npy
[stage2] 训练样本 84 张 | batch 16 × 5 step/epoch | 折内早停=关(训满 epoch)
[stage2] fold hold 00124  train 80 / val 4
  00124 ep  0 loss 3.3151 score 1.0000 hit@1 1.0000 | drift n 8.81e-04 a 8.45e-04
  00124 ep  5 loss 2.2490 score 1.0000 hit@1 1.0000 | drift n 1.91e-02 a 2.01e-02
  00124 ep 10 loss 1.9494 score 1.0000 hit@1 1.0000 | drift n 3.91e-02 a 4.66e-02
  00124 ep 15 loss 1.7883 score 1.0000 hit@1 1.0000 | drift n 5.21e-02 a 6.97e-02
  00124 ep 20 loss 1.7916 score 1.0000 hit@1 1.0000 | drift n 6.09e-02 a 8.99e-02
  00124 ep 25 loss 1.7883 score 1.0000 hit@1 1.0000 | drift n 6.70e-02 a 1.03e-01
  00124 ep 30 loss 1.6198 score 1.0000 hit@1 1.0000 | drift n 7.03e-02 a 1.11e-01
  00124 ep 35 loss 1.7704 score 1.0000 hit@1 1.0000 | drift n 7.15e-02 a 1.13e-01
  00124 ep 39 loss 1.8650 score 1.0000 hit@1 1.0000 | drift n 7.16e-02 a 1.14e-01
[stage2] fold hold 00134  train 80 / val 4
  00134 ep  0 loss 3.3836 score 1.0000 hit@1 1.0000 | drift n 9.36e-04 a 9.18e-04
  00134 ep  5 loss 2.3094 score 1.0000 hit@1 1.0000 | drift n 1.88e-02 a 2.12e-02
  00134 ep 10 loss 1.7695 score 1.0000 hit@1 1.0000 | drift n 3.79e-02 a 4.72e-02
  00134 ep 15 loss 1.6634 score 1.0000 hit@1 1.0000 | drift n 5.04e-02 a 7.11e-02
  00134 ep 20 loss 1.8018 score 1.0000 hit@1 1.0000 | drift n 5.98e-02 a 8.95e-02
  00134 ep 25 loss 1.7805 score 1.0000 hit@1 1.0000 | drift n 6.59e-02 a 1.02e-01
  00134 ep 30 loss 1.5784 score 1.0000 hit@1 1.0000 | drift n 6.90e-02 a 1.10e-01
  00134 ep 35 loss 1.6766 score 1.0000 hit@1 1.0000 | drift n 7.03e-02 a 1.12e-01
  00134 ep 39 loss 2.0085 score 1.0000 hit@1 1.0000 | drift n 7.05e-02 a 1.12e-01
[stage2] fold hold 00154  train 80 / val 4
  00154 ep  0 loss 2.9201 score 1.0000 hit@1 1.0000 | drift n 9.24e-04 a 9.03e-04
  00154 ep  5 loss 2.1899 score 1.0000 hit@1 1.0000 | drift n 1.94e-02 a 2.09e-02
  00154 ep 10 loss 1.9362 score 1.0000 hit@1 1.0000 | drift n 3.90e-02 a 4.66e-02
  00154 ep 15 loss 1.9928 score 1.0000 hit@1 1.0000 | drift n 5.11e-02 a 6.91e-02
  00154 ep 20 loss 1.7485 score 1.0000 hit@1 1.0000 | drift n 6.03e-02 a 8.75e-02
  00154 ep 25 loss 1.5899 score 1.0000 hit@1 1.0000 | drift n 6.67e-02 a 9.95e-02
  00154 ep 30 loss 1.7079 score 1.0000 hit@1 1.0000 | drift n 7.03e-02 a 1.06e-01
  00154 ep 35 loss 1.8068 score 1.0000 hit@1 1.0000 | drift n 7.17e-02 a 1.08e-01
  00154 ep 39 loss 1.5996 score 1.0000 hit@1 1.0000 | drift n 7.18e-02 a 1.08e-01
[stage2] fold hold 00191  train 80 / val 4
  00191 ep  0 loss 2.5959 score 0.8205 hit@1 0.7500 | drift n 9.10e-04 a 8.90e-04
  00191 ep  5 loss 2.2942 score 0.8205 hit@1 0.7500 | drift n 1.89e-02 a 2.05e-02
  00191 ep 10 loss 2.0501 score 0.8205 hit@1 0.7500 | drift n 3.77e-02 a 4.68e-02
  00191 ep 15 loss 1.9072 score 0.8205 hit@1 0.7500 | drift n 5.09e-02 a 7.16e-02
  00191 ep 20 loss 1.7748 score 0.8205 hit@1 0.7500 | drift n 6.12e-02 a 9.00e-02
  00191 ep 25 loss 1.7099 score 0.8205 hit@1 0.7500 | drift n 6.75e-02 a 1.03e-01
  00191 ep 30 loss 1.5462 score 0.8205 hit@1 0.7500 | drift n 7.10e-02 a 1.11e-01
  00191 ep 35 loss 1.8162 score 0.8205 hit@1 0.7500 | drift n 7.23e-02 a 1.13e-01
  00191 ep 39 loss 1.7879 score 0.8205 hit@1 0.7500 | drift n 7.25e-02 a 1.13e-01
[stage2] fold hold 00630  train 80 / val 4
  00630 ep  0 loss 3.0275 score 0.8301 hit@1 1.0000 | drift n 9.61e-04 a 9.31e-04
  00630 ep  5 loss 2.0992 score 0.8333 hit@1 1.0000 | drift n 1.98e-02 a 2.12e-02
  00630 ep 10 loss 2.0527 score 0.8333 hit@1 1.0000 | drift n 3.86e-02 a 4.76e-02
  00630 ep 15 loss 1.9733 score 0.8365 hit@1 1.0000 | drift n 5.13e-02 a 7.02e-02
  00630 ep 20 loss 1.8290 score 0.8365 hit@1 1.0000 | drift n 6.10e-02 a 8.86e-02
  00630 ep 25 loss 1.5174 score 0.8365 hit@1 1.0000 | drift n 6.73e-02 a 1.01e-01
  00630 ep 30 loss 1.7148 score 0.8365 hit@1 1.0000 | drift n 7.09e-02 a 1.07e-01
  00630 ep 35 loss 1.6682 score 0.8365 hit@1 1.0000 | drift n 7.21e-02 a 1.10e-01
  00630 ep 39 loss 1.7855 score 0.8365 hit@1 1.0000 | drift n 7.23e-02 a 1.10e-01
[stage2] fold hold 00803  train 80 / val 4
  00803 ep  0 loss 2.9466 score 0.9840 hit@1 1.0000 | drift n 9.15e-04 a 9.26e-04
  00803 ep  5 loss 1.8248 score 0.9808 hit@1 1.0000 | drift n 1.96e-02 a 2.07e-02
  00803 ep 10 loss 2.0579 score 0.9840 hit@1 1.0000 | drift n 3.89e-02 a 4.67e-02
  00803 ep 15 loss 1.8201 score 0.9808 hit@1 1.0000 | drift n 5.18e-02 a 7.15e-02
  00803 ep 20 loss 1.5571 score 0.9808 hit@1 1.0000 | drift n 6.21e-02 a 9.05e-02
  00803 ep 25 loss 1.8717 score 0.9808 hit@1 1.0000 | drift n 6.91e-02 a 1.03e-01
  00803 ep 30 loss 1.7901 score 0.9808 hit@1 1.0000 | drift n 7.29e-02 a 1.10e-01
  00803 ep 35 loss 1.5494 score 0.9808 hit@1 1.0000 | drift n 7.43e-02 a 1.12e-01
  00803 ep 39 loss 1.8029 score 0.9808 hit@1 1.0000 | drift n 7.44e-02 a 1.12e-01
[stage2] fold hold 01180  train 80 / val 4
  01180 ep  0 loss 2.8450 score 0.8814 hit@1 1.0000 | drift n 9.38e-04 a 8.70e-04
  01180 ep  5 loss 2.1997 score 0.8814 hit@1 1.0000 | drift n 1.96e-02 a 2.14e-02
  01180 ep 10 loss 1.9428 score 0.8782 hit@1 1.0000 | drift n 3.80e-02 a 4.75e-02
  01180 ep 15 loss 1.7507 score 0.8782 hit@1 1.0000 | drift n 4.99e-02 a 7.13e-02
  01180 ep 20 loss 1.5738 score 0.8782 hit@1 1.0000 | drift n 5.94e-02 a 9.05e-02
  01180 ep 25 loss 1.9463 score 0.8782 hit@1 1.0000 | drift n 6.58e-02 a 1.03e-01
  01180 ep 30 loss 1.6057 score 0.8782 hit@1 1.0000 | drift n 6.91e-02 a 1.10e-01
  01180 ep 35 loss 1.7473 score 0.8782 hit@1 1.0000 | drift n 7.04e-02 a 1.13e-01
  01180 ep 39 loss 1.8191 score 0.8782 hit@1 1.0000 | drift n 7.06e-02 a 1.13e-01
[stage2] fold hold 01388  train 80 / val 4
  01388 ep  0 loss 3.2430 score 0.9423 hit@1 1.0000 | drift n 9.67e-04 a 9.10e-04
  01388 ep  5 loss 2.4572 score 0.9487 hit@1 1.0000 | drift n 2.03e-02 a 2.11e-02
  01388 ep 10 loss 1.8098 score 0.9487 hit@1 1.0000 | drift n 4.00e-02 a 4.64e-02
  01388 ep 15 loss 1.8517 score 0.9487 hit@1 1.0000 | drift n 5.26e-02 a 6.91e-02
  01388 ep 20 loss 1.5050 score 0.9487 hit@1 1.0000 | drift n 6.09e-02 a 8.69e-02
  01388 ep 25 loss 1.9551 score 0.9487 hit@1 1.0000 | drift n 6.70e-02 a 9.89e-02
  01388 ep 30 loss 1.9505 score 0.9487 hit@1 1.0000 | drift n 7.03e-02 a 1.06e-01
  01388 ep 35 loss 1.8138 score 0.9487 hit@1 1.0000 | drift n 7.14e-02 a 1.08e-01
  01388 ep 39 loss 1.8348 score 0.9487 hit@1 1.0000 | drift n 7.16e-02 a 1.08e-01
[stage2] fold hold 01471  train 80 / val 4
  01471 ep  0 loss 2.5531 score 0.9423 hit@1 1.0000 | drift n 8.70e-04 a 8.45e-04
  01471 ep  5 loss 1.8462 score 0.9423 hit@1 1.0000 | drift n 1.94e-02 a 2.07e-02
  01471 ep 10 loss 1.6502 score 0.9423 hit@1 1.0000 | drift n 3.89e-02 a 4.90e-02
  01471 ep 15 loss 1.6560 score 0.9423 hit@1 1.0000 | drift n 5.24e-02 a 7.48e-02
  01471 ep 20 loss 1.5065 score 0.9423 hit@1 1.0000 | drift n 6.28e-02 a 9.52e-02
  01471 ep 25 loss 1.6020 score 0.9423 hit@1 1.0000 | drift n 6.96e-02 a 1.09e-01
  01471 ep 30 loss 1.7243 score 0.9423 hit@1 1.0000 | drift n 7.34e-02 a 1.16e-01
  01471 ep 35 loss 1.5102 score 0.9423 hit@1 1.0000 | drift n 7.48e-02 a 1.18e-01
  01471 ep 39 loss 1.5699 score 0.9423 hit@1 1.0000 | drift n 7.49e-02 a 1.19e-01
[stage2] fold hold 01597  train 80 / val 4
  01597 ep  0 loss 2.9507 score 0.9487 hit@1 1.0000 | drift n 9.02e-04 a 8.48e-04
  01597 ep  5 loss 2.0955 score 0.9487 hit@1 1.0000 | drift n 1.92e-02 a 1.98e-02
  01597 ep 10 loss 2.2101 score 0.9455 hit@1 1.0000 | drift n 3.74e-02 a 4.61e-02
  01597 ep 15 loss 1.8044 score 0.9455 hit@1 1.0000 | drift n 5.02e-02 a 7.04e-02
  01597 ep 20 loss 1.6207 score 0.9455 hit@1 1.0000 | drift n 6.00e-02 a 8.98e-02
  01597 ep 25 loss 1.6801 score 0.9455 hit@1 1.0000 | drift n 6.65e-02 a 1.02e-01
  01597 ep 30 loss 1.5673 score 0.9455 hit@1 1.0000 | drift n 6.98e-02 a 1.09e-01
  01597 ep 35 loss 1.5146 score 0.9455 hit@1 1.0000 | drift n 7.11e-02 a 1.12e-01
  01597 ep 39 loss 1.9443 score 0.9455 hit@1 1.0000 | drift n 7.12e-02 a 1.12e-01
[stage2] fold hold 01646  train 80 / val 4
  01646 ep  0 loss 2.7422 score 0.4712 hit@1 0.3333 | drift n 8.50e-04 a 8.78e-04
  01646 ep  5 loss 1.9546 score 0.6346 hit@1 0.6667 | drift n 1.87e-02 a 2.09e-02
  01646 ep 10 loss 1.7158 score 0.6282 hit@1 0.6667 | drift n 3.66e-02 a 4.89e-02
  01646 ep 15 loss 1.7858 score 0.6282 hit@1 0.6667 | drift n 4.99e-02 a 7.50e-02
  01646 ep 20 loss 1.5419 score 0.6282 hit@1 0.6667 | drift n 6.06e-02 a 9.60e-02
  01646 ep 25 loss 1.5068 score 0.6282 hit@1 0.6667 | drift n 6.84e-02 a 1.09e-01
  01646 ep 30 loss 1.4813 score 0.6282 hit@1 0.6667 | drift n 7.26e-02 a 1.16e-01
  01646 ep 35 loss 1.4808 score 0.6282 hit@1 0.6667 | drift n 7.40e-02 a 1.19e-01
  01646 ep 39 loss 1.3281 score 0.6282 hit@1 0.6667 | drift n 7.42e-02 a 1.19e-01
[stage2] 症例 CV 固定 epoch=40 (折内最优 [0, 0, 0, 0, 0, 0, 0, 4, 0, 0, 1])
  final ep  0 loss 3.2040 | drift n 9.33e-04 a 8.27e-04
  final ep  5 loss 2.2828 | drift n 1.96e-02 a 1.96e-02
  final ep 10 loss 1.8629 | drift n 3.87e-02 a 4.53e-02
  final ep 15 loss 2.0000 | drift n 5.10e-02 a 6.91e-02
  final ep 20 loss 1.7155 | drift n 6.05e-02 a 8.75e-02
  final ep 25 loss 1.7339 | drift n 6.66e-02 a 9.97e-02
  final ep 30 loss 1.7044 | drift n 6.99e-02 a 1.07e-01
  final ep 35 loss 1.8078 | drift n 7.11e-02 a 1.09e-01
  final ep 39 loss 1.6119 | drift n 7.13e-02 a 1.09e-01
[stage2] 在 OOF 异常切片上训空间门控
  [spatial] ep  0 tversky 0.7224
  [spatial] ep 10 tversky 0.7218
  [spatial] ep 20 tversky 0.7212
  [spatial] ep 30 tversky 0.7205
  [spatial] ep 39 tversky 0.7198
[stage2] OOF 二值 mask τ=0.80  Dice=0.7110 (eval_size=240, 拟合 Dice, 非 test)
[stage2] OOF 空间门控 hit@1=0.9470  alpha_fuse=0.050  AUC=0.9429  α_pt=0.0 λ_pt=0.0
[stage2] 线性融合(未部署) fuse_w={'proto': 0.75, 'text': 0.0, 'mem': 0.25}  hit@1=0.8846
[stage2] OOF 图像分 w_heat=0.50 w_text=0.30 w_adapt=0.20
[stage2] 最优 epoch 39 (score nan hit@1 nan), 用时 2.2 分钟
  [warn] Stage2 (解冻原型): 最优 (α_pt,λ_pt)=(0.0,0.0) 落在网格边界,建议扩网格

====================================================================================================
Stage 1 vs Stage 2(test 集)
====================================================================================================
                                                 tag                  alpha_pt                    lam_pt                   val_acc              edge_warning            acc_image_only           acc_lesion_only                 acc_fused            acc_text_fused                    w_heat                    w_text                   w_adapt                 image_auc                  image_ap                alpha_fuse               oof_img_auc            auc_heat_alone            auc_text_alone           auc_adapt_alone               auc_3signal          pixel_auc_paclip           pixel_ap_paclip    pixel_auc_paclip_fixed     pixel_ap_paclip_fixed            pixel_auc_ours             pixel_ap_ours      pixel_auc_ours_fixed       pixel_ap_ours_fixed               pixel_aupro            n_pixel_slices               hit@1_valid              hit@1_strict              hit@1_chance               hit@3_valid              hit@3_strict              hit@3_chance              hit@10_valid             hit@10_strict             hit@10_chance                   n_valid                   n_total          lesion_area_mean                  lesion_z              background_z                 gap_sigma                peak_gap_z                 mask_dice                  mask_iou                  post_tau
Stage1 (冻结原型)                          Stage1 (冻结原型)                   50.0000                    0.0000                   11.4165                      True                 8277.2541                 8277.2541                 8279.9459                 8277.2541                    0.5000                    0.1000                    0.4000                   96.0225                   99.1858                    0.0500                   92.1911                    0.9215                    0.4998                    0.9200                    0.9602                   98.1993                   74.8069                   98.1813                   74.5791                   98.4368                   74.3987                   98.4218                   74.2187                   87.2005                      3075                   90.0606                   86.9268                    3.8548                   97.3383                   93.9512                   11.5645                   99.4272                   95.9675                   38.5210                      2968                      3075                    0.0399                    2.2055                   -0.0895                    2.2950                    0.3836                    0.1880                    0.1068                    0.5000
Stage1 (冻结原型) proto-only                                                                                                                                                                                                                                                                                                                                                                                                                                                                                                                                                             98.0175                   69.8369                   98.0056                   69.6233                   98.3384                   71.9510                   98.3345                   71.8485                   85.2444                      3075                   84.7372                   81.7886                    3.8548                   97.1698                   93.7886                   11.5645                   99.3598                   95.9024                   38.5210                      2968                      3075                    0.0399                    1.8362                   -0.0750                    1.9113                    0.1931                                                                              
Stage1 (冻结原型) text-only                                                                                                                                                                                                                                                                                                                                                                                                                                                                                                                                                              97.3249                   73.0567                   97.2787                   72.7667                   97.7805                   73.5314                   97.7511                   73.3233                   81.6700                      3075                   85.8154                   82.8293                    3.8548                   96.2938                   92.9431                   11.5645                   99.0229                   95.5772                   38.5210                      2968                      3075                    0.0399                    2.6851                   -0.1075                    2.7926                    0.7802                                                                              
Stage1 (冻结原型) mem-only                                                                                                                                                                                                                                                                                                                                                                                                                                                                                                                                                               93.6530                   43.1533                   93.6729                   43.2412                   94.2149                   44.9602                   94.2511                   45.0902                   71.4865                      3075                   60.0741                   57.9837                    3.8548                   83.7601                   80.8455                   11.5645                   95.3504                   92.0325                   38.5210                      2968                      3075                    0.0399                    1.5636                   -0.0653                    1.6290                    0.0234                                                                              
Stage1 (冻结原型) fused                                                                                                                                                                                                                                                                                                                                                                                                                                                                                                                                                                  98.1993                   74.8069                   98.1813                   74.5791                   98.4368                   74.3987                   98.4218                   74.2187                   87.2005                      3075                   90.0606                   86.9268                    3.8548                   97.3383                   93.9512                   11.5645                   99.4272                   95.9675                   38.5210                      2968                      3075                    0.0399                    2.2055                   -0.0895                    2.2950                    0.3836                                                                              
Stage2 (解冻原型)                          Stage2 (解冻原型)                    0.0000                    0.0000                    9.3023                      True                 8277.2541                 8277.2541                 8277.2541                 8277.2541                    0.5000                    0.3000                    0.2000                   96.6396                   99.3292                    0.0500                   94.2890                    0.9469                    0.4998                    0.9182                    0.9664                   98.4384                   78.5892                   98.4264                   78.4350                   98.7893                   79.2959                   98.7810                   79.1872                   89.0782                      3075                   94.6765                   91.3821                    3.8548                   98.4501                   95.0244                   11.5645                   99.5957                   96.1301                   38.5210                      2968                      3075                    0.0399                    2.4328                   -0.0987                    2.5316                    0.5838                    0.7147                    0.5989                    0.8000
Stage2 (解冻原型) proto-only                                                                                                                                                                                                                                                                                                                                                                                                                                                                                                                                                             98.7270                   81.2843                   98.7162                   81.1561                   99.1022                   84.0172                   99.0960                   83.9278                   89.7587                      3075                   95.8895                   92.5528                    3.8548                   98.6860                   95.2520                   11.5645                   99.5283                   96.0650                   38.5210                      2968                      3075                    0.0399                    2.5644                   -0.1032                    2.6676                    0.8545                                                                              
Stage2 (解冻原型) text-only                                                                                                                                                                                                                                                                                                                                                                                                                                                                                                                                                              97.8301                   74.1403                   97.8020                   73.8640                   98.2925                   75.6647                   98.2778                   75.4994                   83.9471                      3075                   88.4097                   85.3333                    3.8548                   97.0687                   93.6911                   11.5645                   99.1914                   95.7398                   38.5210                      2968                      3075                    0.0399                    2.9401                   -0.1173                    3.0574                    0.8743                                                                              
Stage2 (解冻原型) mem-only                                                                                                                                                                                                                                                                                                                                                                                                                                                                                                                                                               94.1730                   45.8055                   94.1914                   45.8776                   94.7570                   47.7775                   94.7908                   47.8895                   73.0475                      3075                   62.2642                   60.0976                    3.8548                   85.5121                   82.5366                   11.5645                   95.7884                   92.4553                   38.5210                      2968                      3075                    0.0399                    1.6238                   -0.0677                    1.6915                    0.0318                                                                              
Stage2 (解冻原型) fused                                                                                                                                                                                                                                                                                                                                                                                                                                                                                                                                                                  98.4384                   78.5892                   98.4264                   78.4350                   98.7893                   79.2959                   98.7810                   79.1872                   89.0782                      3075                   94.6765                   91.3821                    3.8548                   98.4501                   95.0244                   11.5645                   99.5957                   96.1301                   38.5210                      2968                      3075                    0.0399                    2.4328                   -0.0987                    2.5316                    0.5838                                                                              
[report] 已写入 stage1_vs_stage2__brain_f__seed222.csv / stage1_vs_stage2__brain_f__seed222.json / all_stages.csv  (10 行)

======== seed 333 (3/5) ========
[proto] 来源 few_shot(40+44, 84 张) | Kn=6 Ka=6 | layers=[3, 6, 9, 11] | double_norm=False
[proto] 正常 patch 7,840 | 异常 patch 335 (来自 42/44 张异常切片)
[proto] 注意: 2 张异常切片的 14x14 mask 为空 (4.5%),已排除
[text] 基线锚点 ['normal', 'tumor'] -> W_text (512, 2)
[text] 分层 t0 global (2, 512) attr 4 lesion (2, 512)
[text] 已加载 runs/.../text.pt 适配器
[mem] 异常 patch 335 | 正常 patch 7840 (from 40 张) | 位置感知=开
[text] 支持集 A_text peak_gap_z=+0.695 → sign=1

=== Stage text: Residual Adapter + 分层锚点 ===
[text] 警告: 2 张异常 14x14 mask 为空,L_patch 将跳过它们
[text] batch 16 × 5 step/epoch | 折内早停=关(训满 epoch)
[text] fold hold 00124  train 40 / val 4
  00124 ep  0 loss 3.0035 val 0.5000
  00124 ep 10 loss 0.7235 val 0.7692
  00124 ep 20 loss 0.4670 val 0.7500
  00124 ep 30 loss 0.3861 val 0.7500
  00124 ep 40 loss 0.3508 val 0.7500
  00124 ep 50 loss 0.3526 val 0.7500
  00124 ep 60 loss 0.3450 val 0.7500
  00124 ep 70 loss 0.3439 val 0.7500
  00124 ep 79 loss 0.3350 val 0.7500
[cv] OOF 负例: leftover valid 正常 39 张 (不进原型 / Memory / 训练)
[text] fold hold 00134  train 40 / val 4
  00134 ep  0 loss 2.9012 val 0.4808
  00134 ep 10 loss 0.7003 val 0.7756
  00134 ep 20 loss 0.4715 val 0.7500
  00134 ep 30 loss 0.3775 val 0.7500
  00134 ep 40 loss 0.3605 val 0.7500
  00134 ep 50 loss 0.3717 val 0.7500
  00134 ep 60 loss 0.3681 val 0.7500
  00134 ep 70 loss 0.3486 val 0.7500
  00134 ep 79 loss 0.3433 val 0.7500
[text] fold hold 00154  train 40 / val 4
  00154 ep  0 loss 3.1190 val 0.5000
  00154 ep 10 loss 0.7401 val 0.6571
  00154 ep 20 loss 0.4718 val 0.6250
  00154 ep 30 loss 0.3902 val 0.6250
  00154 ep 40 loss 0.3623 val 0.6250
  00154 ep 50 loss 0.3603 val 0.6250
  00154 ep 60 loss 0.3572 val 0.6250
  00154 ep 70 loss 0.3564 val 0.6250
  00154 ep 79 loss 0.3527 val 0.6250
[text] fold hold 00191  train 40 / val 4
  00191 ep  0 loss 3.0606 val 0.4583
  00191 ep 10 loss 0.7177 val 0.5256
  00191 ep 20 loss 0.4313 val 0.6250
  00191 ep 30 loss 0.3719 val 0.6250
  00191 ep 40 loss 0.3500 val 0.6250
  00191 ep 50 loss 0.3420 val 0.6250
  00191 ep 60 loss 0.3400 val 0.6250
  00191 ep 70 loss 0.3354 val 0.6250
  00191 ep 79 loss 0.3293 val 0.6250
[text] fold hold 00630  train 40 / val 4
  00630 ep  0 loss 2.8973 val 0.3429
  00630 ep 10 loss 0.7368 val 0.5449
  00630 ep 20 loss 0.4836 val 0.6250
  00630 ep 30 loss 0.3428 val 0.6250
  00630 ep 40 loss 0.3461 val 0.6250
  00630 ep 50 loss 0.3542 val 0.5000
  00630 ep 60 loss 0.3480 val 0.5000
  00630 ep 70 loss 0.3351 val 0.5000
  00630 ep 79 loss 0.3218 val 0.5000
[text] fold hold 00803  train 40 / val 4
  00803 ep  0 loss 2.9638 val 0.4615
  00803 ep 10 loss 0.7150 val 0.7885
  00803 ep 20 loss 0.4500 val 0.7500
  00803 ep 30 loss 0.3902 val 0.7500
  00803 ep 40 loss 0.3641 val 0.7500
  00803 ep 50 loss 0.3503 val 0.7500
  00803 ep 60 loss 0.3551 val 0.7500
  00803 ep 70 loss 0.3321 val 0.7500
  00803 ep 79 loss 0.3417 val 0.7500
[text] fold hold 01180  train 40 / val 4
  01180 ep  0 loss 2.8957 val 0.3686
  01180 ep 10 loss 0.7093 val 0.6699
  01180 ep 20 loss 0.4023 val 0.6250
  01180 ep 30 loss 0.3556 val 0.7500
  01180 ep 40 loss 0.3431 val 0.7500
  01180 ep 50 loss 0.3270 val 0.6250
  01180 ep 60 loss 0.3208 val 0.7500
  01180 ep 70 loss 0.3183 val 0.6250
  01180 ep 79 loss 0.3169 val 0.7500
[text] fold hold 01388  train 40 / val 4
  01388 ep  0 loss 3.0452 val 0.5000
  01388 ep 10 loss 0.7481 val 0.7821
  01388 ep 20 loss 0.4704 val 0.7500
  01388 ep 30 loss 0.3961 val 0.7500
  01388 ep 40 loss 0.3667 val 0.7500
  01388 ep 50 loss 0.3526 val 0.7500
  01388 ep 60 loss 0.3650 val 0.7500
  01388 ep 70 loss 0.3439 val 0.7500
  01388 ep 79 loss 0.3510 val 0.7500
[text] fold hold 01471  train 40 / val 4
  01471 ep  0 loss 3.0488 val 0.4712
  01471 ep 10 loss 0.7304 val 0.7756
  01471 ep 20 loss 0.4551 val 0.7500
  01471 ep 30 loss 0.3857 val 0.7500
  01471 ep 40 loss 0.3590 val 0.7500
  01471 ep 50 loss 0.3518 val 0.7500
  01471 ep 60 loss 0.3339 val 0.7500
  01471 ep 70 loss 0.3601 val 0.7500
  01471 ep 79 loss 0.3327 val 0.7500
[text] fold hold 01597  train 40 / val 4
  01597 ep  0 loss 3.0934 val 0.4712
  01597 ep 10 loss 0.7307 val 0.6571
  01597 ep 20 loss 0.4633 val 0.6250
  01597 ep 30 loss 0.3637 val 0.6250
  01597 ep 40 loss 0.3583 val 0.6250
  01597 ep 50 loss 0.3548 val 0.6250
  01597 ep 60 loss 0.3386 val 0.6250
  01597 ep 70 loss 0.3502 val 0.6250
  01597 ep 79 loss 0.3477 val 0.6250
[text] fold hold 01646  train 40 / val 4
  01646 ep  0 loss 2.9000 val 0.1923
  01646 ep 10 loss 0.7456 val 0.5609
  01646 ep 20 loss 0.4537 val 0.4167
  01646 ep 30 loss 0.3795 val 0.4167
  01646 ep 40 loss 0.3627 val 0.4167
  01646 ep 50 loss 0.3690 val 0.4167
  01646 ep 60 loss 0.3507 val 0.4167
  01646 ep 70 loss 0.3469 val 0.4167
  01646 ep 79 loss 0.3538 val 0.4167
[text] 症例 CV 固定 epoch=80 (折内最优 [2, 5, 5, 4, 22, 2, 6, 5, 7, 2, 11])
[text] OOF fuse_w {'proto': 0.25, 'text': 0.25, 'mem': 0.5}  hit@1=0.8100  alpha_fuse=0.050  AUC=0.8042
  final ep  0 loss 2.9477
  final ep 10 loss 0.7324
  final ep 20 loss 0.4707
  final ep 30 loss 0.3861
  final ep 40 loss 0.3647
  final ep 50 loss 0.3680
  final ep 60 loss 0.3524
  final ep 70 loss 0.3419
  final ep 79 loss 0.3537
[text] 支持集 A_text peak_gap_z=+0.695 → sign=1
[text] 权重 /hy-tmp/PA-CLIP-F/runs/brain_f/text__seed333.pt | fuse_w {'proto': 0.25, 'text': 0.25, 'mem': 0.5} | alpha 0.050

====================================================================================================
Stage text (test 集)
====================================================================================================
                                                tag                  alpha_pt                    lam_pt                   val_acc              edge_warning            acc_image_only           acc_lesion_only                 acc_fused            acc_text_fused                    w_heat                    w_text                   w_adapt                 image_auc                  image_ap                alpha_fuse               oof_img_auc            auc_heat_alone            auc_text_alone          pixel_auc_paclip           pixel_ap_paclip    pixel_auc_paclip_fixed     pixel_ap_paclip_fixed            pixel_auc_ours             pixel_ap_ours      pixel_auc_ours_fixed       pixel_ap_ours_fixed               pixel_aupro            n_pixel_slices               hit@1_valid              hit@1_strict              hit@1_chance               hit@3_valid              hit@3_strict              hit@3_chance              hit@10_valid             hit@10_strict             hit@10_chance                   n_valid                   n_total          lesion_area_mean                  lesion_z              background_z                 gap_sigma                peak_gap_z                 mask_dice                  mask_iou                  post_tau
text-adapter                           text-adapter                    0.0000                    0.0000                       nan                     False                 8277.2541                       nan                 8277.2541                 8277.2541                    0.0500                    0.9500                    0.0000                   91.2272                   98.1590                    0.0500                   80.4196                    0.9123                    0.5000                   97.9793                   73.7254                   97.9693                   73.5710                   98.3157                   73.5837                   98.3096                   73.4671                   87.0386                      3075                   90.8356                   87.6748                    3.8548                   97.4057                   94.0163                   11.5645                   99.1577                   95.7073                   38.5210                      2968                      3075                    0.0399                    2.1421                   -0.0876                    2.2297                    0.3488                    0.2038                    0.1170                    0.5000
text-adapter proto-only                                                                                                                                                                                                                                                                                                                                                                                                                                                                                                         97.8486                   68.3108                   97.8384                   68.1069                   98.2751                   71.2190                   98.2727                   71.1009                   84.7695                      3075                   84.7709                   81.8211                    3.8548                   97.1361                   93.7561                   11.5645                   99.3935                   95.9350                   38.5210                      2968                      3075                    0.0399                    1.7847                   -0.0734                    1.8582                    0.1588                                                                              
text-adapter text-only                                                                                                                                                                                                                                                                                                                                                                                                                                                                                                          97.8795                   74.4104                   97.8553                   74.1446                   98.3901                   76.5019                   98.3786                   76.3544                   84.3602                      3075                   89.2857                   86.1789                    3.8548                   97.2372                   93.8537                   11.5645                   99.2925                   95.8374                   38.5210                      2968                      3075                    0.0399                    2.9280                   -0.1170                    3.0450                    0.8830                                                                              
text-adapter mem-only                                                                                                                                                                                                                                                                                                                                                                                                                                                                                                           94.5505                   47.9461                   94.5667                   47.8955                   95.0441                   49.4689                   95.0770                   49.4687                   73.9817                      3075                   64.0836                   61.8537                    3.8548                   87.0620                   84.0325                   11.5645                   96.3949                   93.0407                   38.5210                      2968                      3075                    0.0399                    1.6871                   -0.0702                    1.7573                    0.0492                                                                              
text-adapter fused                                                                                                                                                                                                                                                                                                                                                                                                                                                                                                              97.9793                   73.7254                   97.9693                   73.5710                   98.3157                   73.5837                   98.3096                   73.4671                   87.0386                      3075                   90.8356                   87.6748                    3.8548                   97.4057                   94.0163                   11.5645                   99.1577                   95.7073                   38.5210                      2968                      3075                    0.0399                    2.1421                   -0.0876                    2.2297                    0.3488                                                                              
[report] 已写入 text__brain_f__seed333.csv / text__brain_f__seed333.json / all_stages.csv  (5 行)
[proto] 来源 few_shot(40+44, 84 张) | Kn=6 Ka=6 | layers=[3, 6, 9, 11] | double_norm=False
[proto] 正常 patch 7,840 | 异常 patch 335 (来自 42/44 张异常切片)
[proto] 注意: 2 张异常切片的 14x14 mask 为空 (4.5%),已排除
[text] 基线锚点 ['normal', 'tumor'] -> W_text (512, 2)
[text] 分层 t0 global (2, 512) attr 4 lesion (2, 512)
[text] 已加载 runs/.../text.pt 适配器
[mem] 异常 patch 335 | 正常 patch 7840 (from 40 张) | 位置感知=开
[text] 支持集 A_text peak_gap_z=+0.695 → sign=1

=== Stage 1: 冻结原型,训练分类适配器 ===
[stage1] 训练样本 84 张 (train_scope=few_shot) | 异常 44 正常 40 | batch 16 × 5 step/epoch | 折内早停=关(训满 epoch)
[stage1] 病灶特征池化完成 (7544, 512) (0.0s) | Patch Adapter=开
[cv] OOF 负例: leftover valid 正常 39 张 (不进原型 / Memory / 训练)
[stage1] fold hold 00124  train 80 / val 4
  00124 ep  0 loss 2.5458 val AUC 1.0000 | cos 0.910
  00124 ep  4 loss 0.2069 val AUC 1.0000 | cos 0.814
  00124 ep  8 loss 0.0179 val AUC 1.0000 | cos 0.761
  00124 ep 12 loss 0.0108 val AUC 1.0000 | cos 0.748
  00124 ep 16 loss 0.0111 val AUC 1.0000 | cos 0.745
  00124 ep 19 loss 0.0116 val AUC 1.0000 | cos 0.744
[stage1] fold hold 00134  train 80 / val 4
  00134 ep  0 loss 2.9373 val AUC 1.0000 | cos 0.916
  00134 ep  4 loss 0.1670 val AUC 1.0000 | cos 0.810
  00134 ep  8 loss 0.0225 val AUC 1.0000 | cos 0.759
  00134 ep 12 loss 0.0129 val AUC 1.0000 | cos 0.746
  00134 ep 16 loss 0.0090 val AUC 1.0000 | cos 0.742
  00134 ep 19 loss 0.0109 val AUC 1.0000 | cos 0.742
[stage1] fold hold 00154  train 80 / val 4
  00154 ep  0 loss 2.1305 val AUC 1.0000 | cos 0.906
  00154 ep  4 loss 0.1643 val AUC 1.0000 | cos 0.812
  00154 ep  8 loss 0.0167 val AUC 1.0000 | cos 0.761
  00154 ep 12 loss 0.0090 val AUC 1.0000 | cos 0.748
  00154 ep 16 loss 0.0099 val AUC 1.0000 | cos 0.746
  00154 ep 19 loss 0.0079 val AUC 1.0000 | cos 0.745
[stage1] fold hold 00191  train 80 / val 4
  00191 ep  0 loss 2.7103 val AUC 0.9679 | cos 0.910
  00191 ep  4 loss 0.1790 val AUC 0.9167 | cos 0.807
  00191 ep  8 loss 0.0188 val AUC 0.9231 | cos 0.757
  00191 ep 12 loss 0.0100 val AUC 0.9231 | cos 0.744
  00191 ep 16 loss 0.0101 val AUC 0.9231 | cos 0.741
  00191 ep 19 loss 0.0197 val AUC 0.9231 | cos 0.741
[stage1] fold hold 00630  train 80 / val 4
  00630 ep  0 loss 1.8379 val AUC 0.6667 | cos 0.897
  00630 ep  4 loss 0.1121 val AUC 0.6154 | cos 0.799
  00630 ep  8 loss 0.0174 val AUC 0.6218 | cos 0.754
  00630 ep 12 loss 0.0105 val AUC 0.6218 | cos 0.741
  00630 ep 16 loss 0.0105 val AUC 0.6218 | cos 0.738
  00630 ep 19 loss 0.0080 val AUC 0.6218 | cos 0.738
[stage1] fold hold 00803  train 80 / val 4
  00803 ep  0 loss 2.6422 val AUC 0.9808 | cos 0.912
  00803 ep  4 loss 0.1464 val AUC 0.9872 | cos 0.810
  00803 ep  8 loss 0.0248 val AUC 0.9808 | cos 0.757
  00803 ep 12 loss 0.0109 val AUC 0.9808 | cos 0.744
  00803 ep 16 loss 0.0080 val AUC 0.9808 | cos 0.741
  00803 ep 19 loss 0.0083 val AUC 0.9808 | cos 0.740
[stage1] fold hold 01180  train 80 / val 4
  01180 ep  0 loss 2.4179 val AUC 0.7308 | cos 0.903
  01180 ep  4 loss 0.1300 val AUC 0.7244 | cos 0.801
  01180 ep  8 loss 0.0164 val AUC 0.7179 | cos 0.759
  01180 ep 12 loss 0.0110 val AUC 0.7179 | cos 0.747
  01180 ep 16 loss 0.0054 val AUC 0.7179 | cos 0.744
  01180 ep 19 loss 0.0090 val AUC 0.7179 | cos 0.744
[stage1] fold hold 01388  train 80 / val 4
  01388 ep  0 loss 2.6256 val AUC 0.9615 | cos 0.911
  01388 ep  4 loss 0.1998 val AUC 0.9103 | cos 0.810
  01388 ep  8 loss 0.0182 val AUC 0.8974 | cos 0.759
  01388 ep 12 loss 0.0117 val AUC 0.8910 | cos 0.746
  01388 ep 16 loss 0.0105 val AUC 0.8846 | cos 0.742
  01388 ep 19 loss 0.0112 val AUC 0.8846 | cos 0.742
[stage1] fold hold 01471  train 80 / val 4
  01471 ep  0 loss 2.3709 val AUC 0.8846 | cos 0.908
  01471 ep  4 loss 0.2548 val AUC 0.8910 | cos 0.802
  01471 ep  8 loss 0.0162 val AUC 0.8718 | cos 0.751
  01471 ep 12 loss 0.0079 val AUC 0.8718 | cos 0.738
  01471 ep 16 loss 0.0120 val AUC 0.8718 | cos 0.735
  01471 ep 19 loss 0.0075 val AUC 0.8718 | cos 0.735
[stage1] fold hold 01597  train 80 / val 4
  01597 ep  0 loss 2.7980 val AUC 0.9615 | cos 0.914
  01597 ep  4 loss 0.1507 val AUC 0.9231 | cos 0.807
  01597 ep  8 loss 0.0125 val AUC 0.9167 | cos 0.755
  01597 ep 12 loss 0.0088 val AUC 0.9167 | cos 0.743
  01597 ep 16 loss 0.0082 val AUC 0.9167 | cos 0.740
  01597 ep 19 loss 0.0070 val AUC 0.9167 | cos 0.740
[stage1] fold hold 01646  train 80 / val 4
  01646 ep  0 loss 2.0860 val AUC 0.7179 | cos 0.901
  01646 ep  4 loss 0.1270 val AUC 0.6731 | cos 0.807
  01646 ep  8 loss 0.0164 val AUC 0.6474 | cos 0.760
  01646 ep 12 loss 0.0091 val AUC 0.6410 | cos 0.747
  01646 ep 16 loss 0.0090 val AUC 0.6410 | cos 0.744
  01646 ep 19 loss 0.0070 val AUC 0.6410 | cos 0.744
[stage1] 症例 CV 固定 epoch=20 (折内最优 [0, 0, 0, 0, 0, 2, 0, 0, 3, 0, 0])
  final ep  0 loss 2.1262 | cos 0.902
  final ep  4 loss 0.2362 | cos 0.806
  final ep  8 loss 0.0200 | cos 0.760
  final ep 12 loss 0.0093 | cos 0.747
  final ep 16 loss 0.0083 | cos 0.744
  final ep 19 loss 0.0072 | cos 0.744
[cv] OOF fuse_w {'proto': 0.5, 'text': 0.25, 'mem': 0.25}  hit@1=0.8339  alpha_fuse=0.050  AUC=0.9132
[cv] OOF α_pt=50.0 λ_pt=0.0  acc=9.73
[cv] OOF 图像分 w_heat=0.20 w_text=0.50 w_adapt=0.30
[stage1] 最优 epoch 19 (val AUC nan), 最终 cos img 0.7436 / les 0.6477
  [warn] Stage1 (冻结原型): 最优 (α_pt,λ_pt)=(50.0,0.0) 落在网格边界,建议扩网格

=== Stage 2: 解冻原型 + 定位损失 ===
[cache] layer 3 memmap (7544, 196, 512) float16 → patch_l3_fp16.npy
[cache] layer 6 memmap (7544, 196, 512) float16 → patch_l6_fp16.npy
[cache] layer 9 memmap (7544, 196, 512) float16 → patch_l9_fp16.npy
[cache] layer 11 memmap (7544, 196, 512) float16 → patch_l11_fp16.npy
[stage2] 训练样本 84 张 | batch 16 × 5 step/epoch | 折内早停=关(训满 epoch)
[stage2] fold hold 00124  train 80 / val 4
  00124 ep  0 loss 3.3136 score 1.0000 hit@1 1.0000 | drift n 9.23e-04 a 8.87e-04
  00124 ep  5 loss 2.2719 score 1.0000 hit@1 1.0000 | drift n 1.95e-02 a 2.08e-02
  00124 ep 10 loss 1.9992 score 1.0000 hit@1 1.0000 | drift n 3.83e-02 a 4.75e-02
  00124 ep 15 loss 2.0258 score 1.0000 hit@1 1.0000 | drift n 5.08e-02 a 7.13e-02
  00124 ep 20 loss 1.7966 score 1.0000 hit@1 1.0000 | drift n 5.90e-02 a 9.01e-02
  00124 ep 25 loss 1.9596 score 1.0000 hit@1 1.0000 | drift n 6.45e-02 a 1.03e-01
  00124 ep 30 loss 1.7677 score 1.0000 hit@1 1.0000 | drift n 6.75e-02 a 1.11e-01
  00124 ep 35 loss 1.7325 score 1.0000 hit@1 1.0000 | drift n 6.86e-02 a 1.13e-01
  00124 ep 39 loss 1.7440 score 1.0000 hit@1 1.0000 | drift n 6.87e-02 a 1.14e-01
[stage2] fold hold 00134  train 80 / val 4
  00134 ep  0 loss 2.9839 score 1.0000 hit@1 1.0000 | drift n 9.69e-04 a 9.16e-04
  00134 ep  5 loss 2.5988 score 1.0000 hit@1 1.0000 | drift n 2.01e-02 a 2.12e-02
  00134 ep 10 loss 2.0020 score 1.0000 hit@1 1.0000 | drift n 3.71e-02 a 4.67e-02
  00134 ep 15 loss 2.0219 score 1.0000 hit@1 1.0000 | drift n 4.89e-02 a 6.99e-02
  00134 ep 20 loss 1.9595 score 1.0000 hit@1 1.0000 | drift n 5.72e-02 a 8.88e-02
  00134 ep 25 loss 1.7831 score 1.0000 hit@1 1.0000 | drift n 6.30e-02 a 1.01e-01
  00134 ep 30 loss 1.8462 score 1.0000 hit@1 1.0000 | drift n 6.61e-02 a 1.08e-01
  00134 ep 35 loss 1.7619 score 1.0000 hit@1 1.0000 | drift n 6.72e-02 a 1.11e-01
  00134 ep 39 loss 1.6340 score 1.0000 hit@1 1.0000 | drift n 6.74e-02 a 1.11e-01
[stage2] fold hold 00154  train 80 / val 4
  00154 ep  0 loss 2.7034 score 0.8750 hit@1 0.7500 | drift n 8.92e-04 a 8.47e-04
  00154 ep  5 loss 2.2725 score 1.0000 hit@1 1.0000 | drift n 1.95e-02 a 2.03e-02
  00154 ep 10 loss 1.8375 score 1.0000 hit@1 1.0000 | drift n 3.83e-02 a 4.69e-02
  00154 ep 15 loss 1.6801 score 1.0000 hit@1 1.0000 | drift n 5.09e-02 a 6.92e-02
  00154 ep 20 loss 1.7612 score 1.0000 hit@1 1.0000 | drift n 5.95e-02 a 8.76e-02
  00154 ep 25 loss 1.6875 score 1.0000 hit@1 1.0000 | drift n 6.52e-02 a 1.00e-01
  00154 ep 30 loss 1.6991 score 1.0000 hit@1 1.0000 | drift n 6.84e-02 a 1.07e-01
  00154 ep 35 loss 1.5745 score 1.0000 hit@1 1.0000 | drift n 6.95e-02 a 1.10e-01
  00154 ep 39 loss 1.5784 score 1.0000 hit@1 1.0000 | drift n 6.97e-02 a 1.10e-01
[stage2] fold hold 00191  train 80 / val 4
  00191 ep  0 loss 2.8288 score 0.8365 hit@1 0.7500 | drift n 8.98e-04 a 8.94e-04
  00191 ep  5 loss 2.1641 score 0.8397 hit@1 0.7500 | drift n 1.98e-02 a 2.06e-02
  00191 ep 10 loss 1.7872 score 0.8397 hit@1 0.7500 | drift n 3.75e-02 a 4.70e-02
  00191 ep 15 loss 1.6446 score 0.8397 hit@1 0.7500 | drift n 4.96e-02 a 7.20e-02
  00191 ep 20 loss 1.8797 score 0.8397 hit@1 0.7500 | drift n 5.89e-02 a 9.23e-02
  00191 ep 25 loss 1.5498 score 0.8397 hit@1 0.7500 | drift n 6.51e-02 a 1.05e-01
  00191 ep 30 loss 1.5074 score 0.8397 hit@1 0.7500 | drift n 6.84e-02 a 1.12e-01
  00191 ep 35 loss 1.8125 score 0.8397 hit@1 0.7500 | drift n 6.97e-02 a 1.15e-01
  00191 ep 39 loss 1.9651 score 0.8397 hit@1 0.7500 | drift n 6.98e-02 a 1.15e-01
[stage2] fold hold 00630  train 80 / val 4
  00630 ep  0 loss 2.9879 score 0.8109 hit@1 1.0000 | drift n 8.96e-04 a 8.94e-04
  00630 ep  5 loss 1.9517 score 0.8141 hit@1 1.0000 | drift n 1.95e-02 a 2.09e-02
  00630 ep 10 loss 1.9264 score 0.8205 hit@1 1.0000 | drift n 3.63e-02 a 4.78e-02
  00630 ep 15 loss 1.8984 score 0.8237 hit@1 1.0000 | drift n 4.78e-02 a 7.26e-02
  00630 ep 20 loss 1.8432 score 0.8237 hit@1 1.0000 | drift n 5.71e-02 a 9.18e-02
  00630 ep 25 loss 1.8355 score 0.8237 hit@1 1.0000 | drift n 6.33e-02 a 1.04e-01
  00630 ep 30 loss 1.6938 score 0.8237 hit@1 1.0000 | drift n 6.67e-02 a 1.11e-01
  00630 ep 35 loss 1.7761 score 0.8237 hit@1 1.0000 | drift n 6.79e-02 a 1.13e-01
  00630 ep 39 loss 1.9660 score 0.8237 hit@1 1.0000 | drift n 6.81e-02 a 1.14e-01
[stage2] fold hold 00803  train 80 / val 4
  00803 ep  0 loss 2.8254 score 0.9936 hit@1 1.0000 | drift n 9.44e-04 a 9.33e-04
  00803 ep  5 loss 2.4750 score 0.9904 hit@1 1.0000 | drift n 2.03e-02 a 2.11e-02
  00803 ep 10 loss 1.7530 score 0.9872 hit@1 1.0000 | drift n 3.72e-02 a 4.78e-02
  00803 ep 15 loss 2.0741 score 0.9872 hit@1 1.0000 | drift n 4.86e-02 a 7.26e-02
  00803 ep 20 loss 1.8933 score 0.9872 hit@1 1.0000 | drift n 5.78e-02 a 9.23e-02
  00803 ep 25 loss 1.5792 score 0.9872 hit@1 1.0000 | drift n 6.42e-02 a 1.06e-01
  00803 ep 30 loss 1.8680 score 0.9872 hit@1 1.0000 | drift n 6.74e-02 a 1.13e-01
  00803 ep 35 loss 1.8204 score 0.9872 hit@1 1.0000 | drift n 6.86e-02 a 1.16e-01
  00803 ep 39 loss 1.6393 score 0.9872 hit@1 1.0000 | drift n 6.88e-02 a 1.16e-01
[stage2] fold hold 01180  train 80 / val 4
  01180 ep  0 loss 3.1431 score 0.8590 hit@1 1.0000 | drift n 9.16e-04 a 8.94e-04
  01180 ep  5 loss 2.1528 score 0.8622 hit@1 1.0000 | drift n 1.97e-02 a 2.09e-02
  01180 ep 10 loss 1.8650 score 0.8622 hit@1 1.0000 | drift n 3.70e-02 a 4.74e-02
  01180 ep 15 loss 1.9226 score 0.8622 hit@1 1.0000 | drift n 4.94e-02 a 7.14e-02
  01180 ep 20 loss 1.7023 score 0.8622 hit@1 1.0000 | drift n 5.89e-02 a 9.09e-02
  01180 ep 25 loss 1.8229 score 0.8622 hit@1 1.0000 | drift n 6.49e-02 a 1.04e-01
  01180 ep 30 loss 1.6658 score 0.8622 hit@1 1.0000 | drift n 6.84e-02 a 1.11e-01
  01180 ep 35 loss 1.7453 score 0.8622 hit@1 1.0000 | drift n 6.97e-02 a 1.14e-01
  01180 ep 39 loss 1.4812 score 0.8622 hit@1 1.0000 | drift n 6.98e-02 a 1.14e-01
[stage2] fold hold 01388  train 80 / val 4
  01388 ep  0 loss 2.5550 score 0.9455 hit@1 1.0000 | drift n 8.78e-04 a 8.65e-04
  01388 ep  5 loss 2.4243 score 0.9423 hit@1 1.0000 | drift n 1.90e-02 a 2.01e-02
  01388 ep 10 loss 2.0868 score 0.9455 hit@1 1.0000 | drift n 3.50e-02 a 4.65e-02
  01388 ep 15 loss 1.8348 score 0.9423 hit@1 1.0000 | drift n 4.69e-02 a 7.10e-02
  01388 ep 20 loss 1.7310 score 0.9391 hit@1 1.0000 | drift n 5.59e-02 a 9.10e-02
  01388 ep 25 loss 1.6897 score 0.9391 hit@1 1.0000 | drift n 6.23e-02 a 1.04e-01
  01388 ep 30 loss 1.8481 score 0.9391 hit@1 1.0000 | drift n 6.57e-02 a 1.11e-01
  01388 ep 35 loss 1.8113 score 0.9391 hit@1 1.0000 | drift n 6.69e-02 a 1.13e-01
  01388 ep 39 loss 1.7313 score 0.9391 hit@1 1.0000 | drift n 6.71e-02 a 1.14e-01
[stage2] fold hold 01471  train 80 / val 4
  01471 ep  0 loss 2.2824 score 0.9359 hit@1 1.0000 | drift n 8.82e-04 a 9.17e-04
  01471 ep  5 loss 1.9879 score 0.9359 hit@1 1.0000 | drift n 1.88e-02 a 2.09e-02
  01471 ep 10 loss 1.8285 score 0.9359 hit@1 1.0000 | drift n 3.55e-02 a 4.87e-02
  01471 ep 15 loss 1.3383 score 0.9359 hit@1 1.0000 | drift n 4.86e-02 a 7.57e-02
  01471 ep 20 loss 1.6236 score 0.9359 hit@1 1.0000 | drift n 5.90e-02 a 9.57e-02
  01471 ep 25 loss 1.4388 score 0.9359 hit@1 1.0000 | drift n 6.58e-02 a 1.08e-01
  01471 ep 30 loss 1.5557 score 0.9359 hit@1 1.0000 | drift n 6.95e-02 a 1.15e-01
  01471 ep 35 loss 1.4218 score 0.9359 hit@1 1.0000 | drift n 7.09e-02 a 1.18e-01
  01471 ep 39 loss 1.5296 score 0.9359 hit@1 1.0000 | drift n 7.11e-02 a 1.18e-01
[stage2] fold hold 01597  train 80 / val 4
  01597 ep  0 loss 3.1649 score 0.9615 hit@1 1.0000 | drift n 9.42e-04 a 8.55e-04
  01597 ep  5 loss 2.2326 score 0.9583 hit@1 1.0000 | drift n 1.98e-02 a 2.04e-02
  01597 ep 10 loss 1.9157 score 0.9583 hit@1 1.0000 | drift n 3.74e-02 a 4.73e-02
  01597 ep 15 loss 1.9394 score 0.9583 hit@1 1.0000 | drift n 4.96e-02 a 7.05e-02
  01597 ep 20 loss 2.0236 score 0.9583 hit@1 1.0000 | drift n 5.86e-02 a 9.00e-02
  01597 ep 25 loss 1.5764 score 0.9583 hit@1 1.0000 | drift n 6.45e-02 a 1.03e-01
  01597 ep 30 loss 2.0185 score 0.9583 hit@1 1.0000 | drift n 6.78e-02 a 1.10e-01
  01597 ep 35 loss 1.8350 score 0.9583 hit@1 1.0000 | drift n 6.90e-02 a 1.12e-01
  01597 ep 39 loss 1.8507 score 0.9583 hit@1 1.0000 | drift n 6.92e-02 a 1.13e-01
[stage2] fold hold 01646  train 80 / val 4
  01646 ep  0 loss 2.4431 score 0.6571 hit@1 0.6667 | drift n 8.37e-04 a 9.06e-04
  01646 ep  5 loss 1.6236 score 0.6571 hit@1 0.6667 | drift n 1.88e-02 a 2.10e-02
  01646 ep 10 loss 1.8213 score 0.6571 hit@1 0.6667 | drift n 3.72e-02 a 4.98e-02
  01646 ep 15 loss 1.7101 score 0.6571 hit@1 0.6667 | drift n 5.06e-02 a 7.58e-02
  01646 ep 20 loss 1.5216 score 0.6571 hit@1 0.6667 | drift n 6.10e-02 a 9.65e-02
  01646 ep 25 loss 1.2384 score 0.6571 hit@1 0.6667 | drift n 6.81e-02 a 1.10e-01
  01646 ep 30 loss 1.3656 score 0.6571 hit@1 0.6667 | drift n 7.20e-02 a 1.17e-01
  01646 ep 35 loss 1.5332 score 0.6571 hit@1 0.6667 | drift n 7.33e-02 a 1.20e-01
  01646 ep 39 loss 1.2268 score 0.6571 hit@1 0.6667 | drift n 7.35e-02 a 1.21e-01
[stage2] 症例 CV 固定 epoch=40 (折内最优 [0, 0, 1, 1, 15, 0, 0, 0, 0, 0, 0])
  final ep  0 loss 2.8484 | drift n 9.09e-04 a 8.82e-04
  final ep  5 loss 2.2284 | drift n 1.94e-02 a 1.96e-02
  final ep 10 loss 1.9362 | drift n 3.59e-02 a 4.46e-02
  final ep 15 loss 1.7811 | drift n 4.78e-02 a 6.86e-02
  final ep 20 loss 1.9280 | drift n 5.68e-02 a 8.87e-02
  final ep 25 loss 1.8996 | drift n 6.29e-02 a 1.01e-01
  final ep 30 loss 1.9669 | drift n 6.60e-02 a 1.08e-01
  final ep 35 loss 1.9811 | drift n 6.71e-02 a 1.11e-01
  final ep 39 loss 1.6753 | drift n 6.72e-02 a 1.11e-01
[stage2] 在 OOF 异常切片上训空间门控
  [spatial] ep  0 tversky 0.7217
  [spatial] ep 10 tversky 0.7213
  [spatial] ep 20 tversky 0.7208
  [spatial] ep 30 tversky 0.7203
  [spatial] ep 39 tversky 0.7198
[stage2] OOF 二值 mask τ=0.80  Dice=0.7169 (eval_size=240, 拟合 Dice, 非 test)
[stage2] OOF 空间门控 hit@1=0.9470  alpha_fuse=0.050  AUC=0.9458  α_pt=0.0 λ_pt=0.0
[stage2] 线性融合(未部署) fuse_w={'proto': 0.75, 'text': 0.0, 'mem': 0.25}  hit@1=0.8863
[stage2] OOF 图像分 w_heat=0.20 w_text=0.70 w_adapt=0.10
[stage2] 最优 epoch 39 (score nan hit@1 nan), 用时 2.1 分钟
  [warn] Stage2 (解冻原型): 最优 (α_pt,λ_pt)=(0.0,0.0) 落在网格边界,建议扩网格

====================================================================================================
Stage 1 vs Stage 2(test 集)
====================================================================================================
                                                 tag                  alpha_pt                    lam_pt                   val_acc              edge_warning            acc_image_only           acc_lesion_only                 acc_fused            acc_text_fused                    w_heat                    w_text                   w_adapt                 image_auc                  image_ap                alpha_fuse               oof_img_auc            auc_heat_alone            auc_text_alone           auc_adapt_alone               auc_3signal          pixel_auc_paclip           pixel_ap_paclip    pixel_auc_paclip_fixed     pixel_ap_paclip_fixed            pixel_auc_ours             pixel_ap_ours      pixel_auc_ours_fixed       pixel_ap_ours_fixed               pixel_aupro            n_pixel_slices               hit@1_valid              hit@1_strict              hit@1_chance               hit@3_valid              hit@3_strict              hit@3_chance              hit@10_valid             hit@10_strict             hit@10_chance                   n_valid                   n_total          lesion_area_mean                  lesion_z              background_z                 gap_sigma                peak_gap_z                 mask_dice                  mask_iou                  post_tau
Stage1 (冻结原型)                          Stage1 (冻结原型)                   50.0000                    0.0000                    9.7252                      True                 8277.2541                 8277.2541                 8277.2541                 8277.2541                    0.2000                    0.5000                    0.3000                   95.7727                   99.0992                    0.0500                   91.3170                    0.9123                    0.5000                    0.9222                    0.9577                   98.2155                   74.8225                   98.1967                   74.5853                   98.4471                   74.1964                   98.4323                   74.0137                   87.4479                      3075                   90.2965                   87.1545                    3.8548                   97.7089                   94.3089                   11.5645                   99.4272                   95.9675                   38.5210                      2968                      3075                    0.0399                    2.2179                   -0.0901                    2.3080                    0.3663                    0.1989                    0.1138                    0.5000
Stage1 (冻结原型) proto-only                                                                                                                                                                                                                                                                                                                                                                                                                                                                                                                                                             97.9023                   68.0656                   97.8889                   67.8361                   98.1596                   69.0648                   98.1538                   68.9480                   84.2392                      3075                   79.6159                   76.8455                    3.8548                   96.2264                   92.8780                   11.5645                   99.3261                   95.8699                   38.5210                      2968                      3075                    0.0399                    1.8011                   -0.0739                    1.8750                    0.1459                                                                              
Stage1 (冻结原型) text-only                                                                                                                                                                                                                                                                                                                                                                                                                                                                                                                                                              97.7662                   73.8280                   97.7326                   73.5465                   98.2052                   75.2114                   98.1848                   75.0182                   84.3120                      3075                   87.4663                   84.4228                    3.8548                   96.8666                   93.4959                   11.5645                   99.1577                   95.7073                   38.5210                      2968                      3075                    0.0399                    2.9164                   -0.1160                    3.0323                    0.8045                                                                              
Stage1 (冻结原型) mem-only                                                                                                                                                                                                                                                                                                                                                                                                                                                                                                                                                               93.9117                   44.8868                   93.9282                   44.8162                   94.2789                   45.0747                   94.3105                   45.0942                   72.3518                      3075                   58.8612                   56.8130                    3.8548                   83.1536                   80.2602                   11.5645                   94.8113                   91.5122                   38.5210                      2968                      3075                    0.0399                    1.5861                   -0.0663                    1.6525                    0.0242                                                                              
Stage1 (冻结原型) fused                                                                                                                                                                                                                                                                                                                                                                                                                                                                                                                                                                  98.2155                   74.8225                   98.1967                   74.5853                   98.4471                   74.1964                   98.4323                   74.0137                   87.4479                      3075                   90.2965                   87.1545                    3.8548                   97.7089                   94.3089                   11.5645                   99.4272                   95.9675                   38.5210                      2968                      3075                    0.0399                    2.2179                   -0.0901                    2.3080                    0.3663                                                                              
Stage2 (解冻原型)                          Stage2 (解冻原型)                    0.0000                    0.0000                    9.3023                      True                 8277.2541                 8277.2541                 8277.2541                 8277.2541                    0.2000                    0.7000                    0.1000                   96.4909                   99.2847                    0.0500                   94.5804                    0.9460                    0.5000                    0.9253                    0.9649                   98.5222                   79.3481                   98.5078                   79.1644                   98.8298                   79.5109                   98.8206                   79.3927                   89.2615                      3075                   95.1482                   91.8374                    3.8548                   98.4501                   95.0244                   11.5645                   99.6294                   96.1626                   38.5210                      2968                      3075                    0.0399                    2.5530                   -0.1029                    2.6559                    0.7179                    0.7072                    0.5858                    0.8000
Stage2 (解冻原型) proto-only                                                                                                                                                                                                                                                                                                                                                                                                                                                                                                                                                             98.7175                   81.2603                   98.7056                   81.1224                   99.0960                   83.9622                   99.0893                   83.8575                   89.7686                      3075                   95.6873                   92.3577                    3.8548                   98.6523                   95.2195                   11.5645                   99.5283                   96.0650                   38.5210                      2968                      3075                    0.0399                    2.5592                   -0.1031                    2.6622                    0.8447                                                                              
Stage2 (解冻原型) text-only                                                                                                                                                                                                                                                                                                                                                                                                                                                                                                                                                              97.9237                   74.6665                   97.8979                   74.3951                   98.4009                   76.5542                   98.3877                   76.3922                   84.7509                      3075                   89.5216                   86.4065                    3.8548                   97.2372                   93.8537                   11.5645                   99.2925                   95.8374                   38.5210                      2968                      3075                    0.0399                    2.9406                   -0.1173                    3.0579                    0.8621                                                                              
Stage2 (解冻原型) mem-only                                                                                                                                                                                                                                                                                                                                                                                                                                                                                                                                                               94.3832                   47.6210                   94.3992                   47.5772                   94.7933                   48.0592                   94.8259                   48.0873                   73.6778                      3075                   62.5000                   60.3252                    3.8548                   85.6469                   82.6667                   11.5645                   95.8558                   92.5203                   38.5210                      2968                      3075                    0.0399                    1.6365                   -0.0683                    1.7048                    0.0393                                                                              
Stage2 (解冻原型) fused                                                                                                                                                                                                                                                                                                                                                                                                                                                                                                                                                                  98.5222                   79.3481                   98.5078                   79.1644                   98.8298                   79.5109                   98.8206                   79.3927                   89.2615                      3075                   95.1482                   91.8374                    3.8548                   98.4501                   95.0244                   11.5645                   99.6294                   96.1626                   38.5210                      2968                      3075                    0.0399                    2.5530                   -0.1029                    2.6559                    0.7179                                                                              
[report] 已写入 stage1_vs_stage2__brain_f__seed333.csv / stage1_vs_stage2__brain_f__seed333.json / all_stages.csv  (10 行)

======== seed 444 (4/5) ========
[proto] 来源 few_shot(40+44, 84 张) | Kn=6 Ka=6 | layers=[3, 6, 9, 11] | double_norm=False
[proto] 正常 patch 7,840 | 异常 patch 335 (来自 42/44 张异常切片)
[proto] 注意: 2 张异常切片的 14x14 mask 为空 (4.5%),已排除
[text] 基线锚点 ['normal', 'tumor'] -> W_text (512, 2)
[text] 分层 t0 global (2, 512) attr 4 lesion (2, 512)
[text] 已加载 runs/.../text.pt 适配器
[mem] 异常 patch 335 | 正常 patch 7840 (from 40 张) | 位置感知=开
[text] 支持集 A_text peak_gap_z=+0.674 → sign=1

=== Stage text: Residual Adapter + 分层锚点 ===
[text] 警告: 2 张异常 14x14 mask 为空,L_patch 将跳过它们
[text] batch 16 × 5 step/epoch | 折内早停=关(训满 epoch)
[text] fold hold 00124  train 40 / val 4
  00124 ep  0 loss 3.2792 val 0.5000
  00124 ep 10 loss 0.7137 val 0.7885
  00124 ep 20 loss 0.4454 val 0.7500
  00124 ep 30 loss 0.3772 val 0.7500
  00124 ep 40 loss 0.3727 val 0.7500
  00124 ep 50 loss 0.3720 val 0.7500
  00124 ep 60 loss 0.3609 val 0.7500
  00124 ep 70 loss 0.3475 val 0.7500
  00124 ep 79 loss 0.3400 val 0.7500
[cv] OOF 负例: leftover valid 正常 39 张 (不进原型 / Memory / 训练)
[text] fold hold 00134  train 40 / val 4
  00134 ep  0 loss 3.0152 val 0.4808
  00134 ep 10 loss 0.7340 val 0.7949
  00134 ep 20 loss 0.4691 val 0.7500
  00134 ep 30 loss 0.3925 val 0.7500
  00134 ep 40 loss 0.3663 val 0.7500
  00134 ep 50 loss 0.3510 val 0.7500
  00134 ep 60 loss 0.3644 val 0.7500
  00134 ep 70 loss 0.3314 val 0.7500
  00134 ep 79 loss 0.3439 val 0.7500
[text] fold hold 00154  train 40 / val 4
  00154 ep  0 loss 2.9925 val 0.5000
  00154 ep 10 loss 0.7368 val 0.6635
  00154 ep 20 loss 0.4912 val 0.6250
  00154 ep 30 loss 0.3955 val 0.6250
  00154 ep 40 loss 0.3640 val 0.6250
  00154 ep 50 loss 0.3682 val 0.6250
  00154 ep 60 loss 0.3664 val 0.6250
  00154 ep 70 loss 0.3447 val 0.6250
  00154 ep 79 loss 0.3416 val 0.6250
[text] fold hold 00191  train 40 / val 4
  00191 ep  0 loss 2.9950 val 0.4583
  00191 ep 10 loss 0.7350 val 0.5385
  00191 ep 20 loss 0.4685 val 0.6250
  00191 ep 30 loss 0.3578 val 0.6250
  00191 ep 40 loss 0.3498 val 0.6250
  00191 ep 50 loss 0.3377 val 0.6250
  00191 ep 60 loss 0.3384 val 0.6250
  00191 ep 70 loss 0.3363 val 0.6250
  00191 ep 79 loss 0.3276 val 0.6250
[text] fold hold 00630  train 40 / val 4
  00630 ep  0 loss 2.9235 val 0.3429
  00630 ep 10 loss 0.7237 val 0.5321
  00630 ep 20 loss 0.4288 val 0.7500
  00630 ep 30 loss 0.3824 val 0.5000
  00630 ep 40 loss 0.3586 val 0.5000
  00630 ep 50 loss 0.3366 val 0.5000
  00630 ep 60 loss 0.3387 val 0.5000
  00630 ep 70 loss 0.3611 val 0.5000
  00630 ep 79 loss 0.3253 val 0.5000
[text] fold hold 00803  train 40 / val 4
  00803 ep  0 loss 3.0939 val 0.4615
  00803 ep 10 loss 0.7232 val 0.7885
  00803 ep 20 loss 0.4676 val 0.7500
  00803 ep 30 loss 0.3673 val 0.7500
  00803 ep 40 loss 0.3668 val 0.7500
  00803 ep 50 loss 0.3702 val 0.7500
  00803 ep 60 loss 0.3422 val 0.7500
  00803 ep 70 loss 0.3580 val 0.7500
  00803 ep 79 loss 0.3343 val 0.7500
[text] fold hold 01180  train 40 / val 4
  01180 ep  0 loss 2.9880 val 0.3686
  01180 ep 10 loss 0.6868 val 0.6138
  01180 ep 20 loss 0.4174 val 0.6250
  01180 ep 30 loss 0.3688 val 0.7500
  01180 ep 40 loss 0.3364 val 0.7500
  01180 ep 50 loss 0.3258 val 0.7500
  01180 ep 60 loss 0.3265 val 0.6250
  01180 ep 70 loss 0.3180 val 0.7500
  01180 ep 79 loss 0.3072 val 0.7500
[text] fold hold 01388  train 40 / val 4
  01388 ep  0 loss 3.0680 val 0.5000
  01388 ep 10 loss 0.7330 val 0.7756
  01388 ep 20 loss 0.4686 val 0.7500
  01388 ep 30 loss 0.3707 val 0.7500
  01388 ep 40 loss 0.3640 val 0.7500
  01388 ep 50 loss 0.3657 val 0.7500
  01388 ep 60 loss 0.3447 val 0.7500
  01388 ep 70 loss 0.3292 val 0.7500
  01388 ep 79 loss 0.3474 val 0.7500
[text] fold hold 01471  train 40 / val 4
  01471 ep  0 loss 3.0274 val 0.4712
  01471 ep 10 loss 0.7044 val 0.7756
  01471 ep 20 loss 0.4326 val 0.7500
  01471 ep 30 loss 0.3853 val 0.7500
  01471 ep 40 loss 0.3610 val 0.7500
  01471 ep 50 loss 0.3664 val 0.7500
  01471 ep 60 loss 0.3399 val 0.7500
  01471 ep 70 loss 0.3396 val 0.7500
  01471 ep 79 loss 0.3327 val 0.7500
[text] fold hold 01597  train 40 / val 4
  01597 ep  0 loss 3.0124 val 0.4712
  01597 ep 10 loss 0.7124 val 0.6506
  01597 ep 20 loss 0.4686 val 0.6250
  01597 ep 30 loss 0.3757 val 0.6250
  01597 ep 40 loss 0.3633 val 0.6250
  01597 ep 50 loss 0.3645 val 0.6250
  01597 ep 60 loss 0.3449 val 0.6250
  01597 ep 70 loss 0.3525 val 0.6250
  01597 ep 79 loss 0.3329 val 0.6250
[text] fold hold 01646  train 40 / val 4
  01646 ep  0 loss 2.9152 val 0.1923
  01646 ep 10 loss 0.7249 val 0.5673
  01646 ep 20 loss 0.4531 val 0.4167
  01646 ep 30 loss 0.3882 val 0.4167
  01646 ep 40 loss 0.3698 val 0.4167
  01646 ep 50 loss 0.3569 val 0.4167
  01646 ep 60 loss 0.3497 val 0.4167
  01646 ep 70 loss 0.3403 val 0.4167
  01646 ep 79 loss 0.3314 val 0.4167
[text] 症例 CV 固定 epoch=80 (折内最优 [2, 5, 5, 3, 20, 2, 23, 5, 7, 2, 11])
[text] OOF fuse_w {'proto': 0.5, 'text': 0.25, 'mem': 0.25}  hit@1=0.8031  alpha_fuse=0.050  AUC=0.8491
  final ep  0 loss 3.0242
  final ep 10 loss 0.7217
  final ep 20 loss 0.4497
  final ep 30 loss 0.3863
  final ep 40 loss 0.3406
  final ep 50 loss 0.3571
  final ep 60 loss 0.3678
  final ep 70 loss 0.3566
  final ep 79 loss 0.3328
[text] 支持集 A_text peak_gap_z=+0.674 → sign=1
[text] 权重 /hy-tmp/PA-CLIP-F/runs/brain_f/text__seed444.pt | fuse_w {'proto': 0.5, 'text': 0.25, 'mem': 0.25} | alpha 0.050

====================================================================================================
Stage text (test 集)
====================================================================================================
                                                tag                  alpha_pt                    lam_pt                   val_acc              edge_warning            acc_image_only           acc_lesion_only                 acc_fused            acc_text_fused                    w_heat                    w_text                   w_adapt                 image_auc                  image_ap                alpha_fuse               oof_img_auc            auc_heat_alone            auc_text_alone          pixel_auc_paclip           pixel_ap_paclip    pixel_auc_paclip_fixed     pixel_ap_paclip_fixed            pixel_auc_ours             pixel_ap_ours      pixel_auc_ours_fixed       pixel_ap_ours_fixed               pixel_aupro            n_pixel_slices               hit@1_valid              hit@1_strict              hit@1_chance               hit@3_valid              hit@3_strict              hit@3_chance              hit@10_valid             hit@10_strict             hit@10_chance                   n_valid                   n_total          lesion_area_mean                  lesion_z              background_z                 gap_sigma                peak_gap_z                 mask_dice                  mask_iou                  post_tau
text-adapter                           text-adapter                    0.0000                    0.0000                       nan                     False                 8277.2541                       nan                 8277.2541                 8277.2541                    0.0500                    0.9500                    0.0000                   91.0034                   98.0845                    0.0500                   84.9068                    0.9100                    0.5000                   98.2605                   75.2249                   98.2441                   75.0054                   98.4468                   74.1355                   98.4342                   73.9747                   87.4316                      3075                   91.2062                   88.0325                    3.8548                   97.8774                   94.4715                   11.5645                   99.3261                   95.8699                   38.5210                      2968                      3075                    0.0399                    2.1674                   -0.0884                    2.2558                    0.3739                    0.2032                    0.1166                    0.5000
text-adapter proto-only                                                                                                                                                                                                                                                                                                                                                                                                                                                                                                         97.8791                   68.2748                   97.8673                   68.0659                   98.2827                   71.4269                   98.2796                   71.3096                   84.6718                      3075                   84.0297                   81.1057                    3.8548                   97.0013                   93.6260                   11.5645                   99.3261                   95.8699                   38.5210                      2968                      3075                    0.0399                    1.7956                   -0.0738                    1.8693                    0.1559                                                                              
text-adapter text-only                                                                                                                                                                                                                                                                                                                                                                                                                                                                                                          97.8008                   73.8572                   97.7750                   73.5897                   98.3252                   75.9929                   98.3136                   75.8526                   83.7733                      3075                   88.8477                   85.7561                    3.8548                   97.1361                   93.7561                   11.5645                   99.2588                   95.8049                   38.5210                      2968                      3075                    0.0399                    2.9197                   -0.1168                    3.0365                    0.8884                                                                              
text-adapter mem-only                                                                                                                                                                                                                                                                                                                                                                                                                                                                                                           94.5467                   47.8535                   94.5588                   47.8099                   95.1372                   49.9892                   95.1682                   49.9666                   74.2197                      3075                   64.2183                   61.9837                    3.8548                   86.7925                   83.7724                   11.5645                   95.5189                   92.1951                   38.5210                      2968                      3075                    0.0399                    1.6911                   -0.0704                    1.7615                    0.0479                                                                              
text-adapter fused                                                                                                                                                                                                                                                                                                                                                                                                                                                                                                              98.2605                   75.2249                   98.2441                   75.0054                   98.4468                   74.1355                   98.4342                   73.9747                   87.4316                      3075                   91.2062                   88.0325                    3.8548                   97.8774                   94.4715                   11.5645                   99.3261                   95.8699                   38.5210                      2968                      3075                    0.0399                    2.1674                   -0.0884                    2.2558                    0.3739                                                                              
[report] 已写入 text__brain_f__seed444.csv / text__brain_f__seed444.json / all_stages.csv  (5 行)
[proto] 来源 few_shot(40+44, 84 张) | Kn=6 Ka=6 | layers=[3, 6, 9, 11] | double_norm=False
[proto] 正常 patch 7,840 | 异常 patch 335 (来自 42/44 张异常切片)
[proto] 注意: 2 张异常切片的 14x14 mask 为空 (4.5%),已排除
[text] 基线锚点 ['normal', 'tumor'] -> W_text (512, 2)
[text] 分层 t0 global (2, 512) attr 4 lesion (2, 512)
[text] 已加载 runs/.../text.pt 适配器
[mem] 异常 patch 335 | 正常 patch 7840 (from 40 张) | 位置感知=开
[text] 支持集 A_text peak_gap_z=+0.674 → sign=1

=== Stage 1: 冻结原型,训练分类适配器 ===
[stage1] 训练样本 84 张 (train_scope=few_shot) | 异常 44 正常 40 | batch 16 × 5 step/epoch | 折内早停=关(训满 epoch)
[stage1] 病灶特征池化完成 (7544, 512) (0.0s) | Patch Adapter=开
[cv] OOF 负例: leftover valid 正常 39 张 (不进原型 / Memory / 训练)
[stage1] fold hold 00124  train 80 / val 4
  00124 ep  0 loss 3.3488 val AUC 1.0000 | cos 0.918
  00124 ep  4 loss 0.1620 val AUC 1.0000 | cos 0.798
  00124 ep  8 loss 0.0163 val AUC 1.0000 | cos 0.745
  00124 ep 12 loss 0.0120 val AUC 1.0000 | cos 0.733
  00124 ep 16 loss 0.0112 val AUC 1.0000 | cos 0.731
  00124 ep 19 loss 0.0070 val AUC 1.0000 | cos 0.730
[stage1] fold hold 00134  train 80 / val 4
  00134 ep  0 loss 2.8836 val AUC 1.0000 | cos 0.914
  00134 ep  4 loss 0.1927 val AUC 1.0000 | cos 0.796
  00134 ep  8 loss 0.0131 val AUC 1.0000 | cos 0.742
  00134 ep 12 loss 0.0056 val AUC 1.0000 | cos 0.730
  00134 ep 16 loss 0.0075 val AUC 1.0000 | cos 0.728
  00134 ep 19 loss 0.0076 val AUC 1.0000 | cos 0.728
[stage1] fold hold 00154  train 80 / val 4
  00154 ep  0 loss 2.8081 val AUC 1.0000 | cos 0.912
  00154 ep  4 loss 0.1551 val AUC 1.0000 | cos 0.806
  00154 ep  8 loss 0.0146 val AUC 1.0000 | cos 0.756
  00154 ep 12 loss 0.0084 val AUC 1.0000 | cos 0.744
  00154 ep 16 loss 0.0075 val AUC 1.0000 | cos 0.741
  00154 ep 19 loss 0.0074 val AUC 1.0000 | cos 0.741
[stage1] fold hold 00191  train 80 / val 4
  00191 ep  0 loss 2.6120 val AUC 0.9295 | cos 0.913
  00191 ep  4 loss 0.1515 val AUC 0.9295 | cos 0.800
  00191 ep  8 loss 0.0209 val AUC 0.9231 | cos 0.747
  00191 ep 12 loss 0.0100 val AUC 0.9231 | cos 0.735
  00191 ep 16 loss 0.0091 val AUC 0.9231 | cos 0.732
  00191 ep 19 loss 0.0077 val AUC 0.9231 | cos 0.732
[stage1] fold hold 00630  train 80 / val 4
  00630 ep  0 loss 2.4892 val AUC 0.6859 | cos 0.898
  00630 ep  4 loss 0.1093 val AUC 0.6218 | cos 0.794
  00630 ep  8 loss 0.0156 val AUC 0.6410 | cos 0.745
  00630 ep 12 loss 0.0089 val AUC 0.6474 | cos 0.734
  00630 ep 16 loss 0.0056 val AUC 0.6474 | cos 0.731
  00630 ep 19 loss 0.0077 val AUC 0.6474 | cos 0.731
[stage1] fold hold 00803  train 80 / val 4
  00803 ep  0 loss 2.3611 val AUC 0.9744 | cos 0.906
  00803 ep  4 loss 0.1601 val AUC 0.9615 | cos 0.807
  00803 ep  8 loss 0.0161 val AUC 0.9551 | cos 0.757
  00803 ep 12 loss 0.0061 val AUC 0.9551 | cos 0.745
  00803 ep 16 loss 0.0103 val AUC 0.9551 | cos 0.742
  00803 ep 19 loss 0.0098 val AUC 0.9551 | cos 0.742
[stage1] fold hold 01180  train 80 / val 4
  01180 ep  0 loss 2.5979 val AUC 0.7821 | cos 0.902
  01180 ep  4 loss 0.1648 val AUC 0.7821 | cos 0.808
  01180 ep  8 loss 0.0136 val AUC 0.7756 | cos 0.757
  01180 ep 12 loss 0.0076 val AUC 0.7756 | cos 0.745
  01180 ep 16 loss 0.0078 val AUC 0.7756 | cos 0.742
  01180 ep 19 loss 0.0059 val AUC 0.7756 | cos 0.742
[stage1] fold hold 01388  train 80 / val 4
  01388 ep  0 loss 2.8622 val AUC 0.9551 | cos 0.912
  01388 ep  4 loss 0.1855 val AUC 0.9359 | cos 0.804
  01388 ep  8 loss 0.0111 val AUC 0.9295 | cos 0.753
  01388 ep 12 loss 0.0080 val AUC 0.9231 | cos 0.741
  01388 ep 16 loss 0.0082 val AUC 0.9167 | cos 0.738
  01388 ep 19 loss 0.0075 val AUC 0.9167 | cos 0.738
[stage1] fold hold 01471  train 80 / val 4
  01471 ep  0 loss 2.1787 val AUC 0.8974 | cos 0.910
  01471 ep  4 loss 0.1162 val AUC 0.8846 | cos 0.793
  01471 ep  8 loss 0.0151 val AUC 0.8782 | cos 0.742
  01471 ep 12 loss 0.0128 val AUC 0.8782 | cos 0.731
  01471 ep 16 loss 0.0084 val AUC 0.8782 | cos 0.727
  01471 ep 19 loss 0.0094 val AUC 0.8782 | cos 0.727
[stage1] fold hold 01597  train 80 / val 4
  01597 ep  0 loss 2.6454 val AUC 0.9423 | cos 0.904
  01597 ep  4 loss 0.1423 val AUC 0.8846 | cos 0.806
  01597 ep  8 loss 0.0152 val AUC 0.8782 | cos 0.757
  01597 ep 12 loss 0.0094 val AUC 0.8782 | cos 0.745
  01597 ep 16 loss 0.0059 val AUC 0.8782 | cos 0.742
  01597 ep 19 loss 0.0070 val AUC 0.8782 | cos 0.742
[stage1] fold hold 01646  train 80 / val 4
  01646 ep  0 loss 1.8607 val AUC 0.6731 | cos 0.897
  01646 ep  4 loss 0.1585 val AUC 0.6346 | cos 0.797
  01646 ep  8 loss 0.0177 val AUC 0.5897 | cos 0.749
  01646 ep 12 loss 0.0077 val AUC 0.5833 | cos 0.737
  01646 ep 16 loss 0.0082 val AUC 0.5833 | cos 0.734
  01646 ep 19 loss 0.0076 val AUC 0.5833 | cos 0.734
[stage1] 症例 CV 固定 epoch=20 (折内最优 [0, 0, 0, 5, 0, 0, 0, 0, 0, 0, 0])
  final ep  0 loss 2.5867 | cos 0.912
  final ep  4 loss 0.1565 | cos 0.797
  final ep  8 loss 0.0168 | cos 0.745
  final ep 12 loss 0.0131 | cos 0.733
  final ep 16 loss 0.0098 | cos 0.730
  final ep 19 loss 0.0080 | cos 0.730
[cv] OOF fuse_w {'proto': 0.5, 'text': 0.25, 'mem': 0.25}  hit@1=0.8252  alpha_fuse=0.050  AUC=0.9155
[cv] OOF α_pt=50.0 λ_pt=0.0  acc=9.73
[cv] OOF 图像分 w_heat=0.40 w_text=0.30 w_adapt=0.30
[stage1] 最优 epoch 19 (val AUC nan), 最终 cos img 0.7298 / les 0.6986
  [warn] Stage1 (冻结原型): 最优 (α_pt,λ_pt)=(50.0,0.0) 落在网格边界,建议扩网格

=== Stage 2: 解冻原型 + 定位损失 ===
[cache] layer 3 memmap (7544, 196, 512) float16 → patch_l3_fp16.npy
[cache] layer 6 memmap (7544, 196, 512) float16 → patch_l6_fp16.npy
[cache] layer 9 memmap (7544, 196, 512) float16 → patch_l9_fp16.npy
[cache] layer 11 memmap (7544, 196, 512) float16 → patch_l11_fp16.npy
[stage2] 训练样本 84 张 | batch 16 × 5 step/epoch | 折内早停=关(训满 epoch)
[stage2] fold hold 00124  train 80 / val 4
  00124 ep  0 loss 3.2307 score 1.0000 hit@1 1.0000 | drift n 8.64e-04 a 8.82e-04
  00124 ep  5 loss 2.0471 score 1.0000 hit@1 1.0000 | drift n 1.86e-02 a 2.05e-02
  00124 ep 10 loss 1.7770 score 1.0000 hit@1 1.0000 | drift n 3.62e-02 a 4.82e-02
  00124 ep 15 loss 1.9735 score 1.0000 hit@1 1.0000 | drift n 4.84e-02 a 7.35e-02
  00124 ep 20 loss 1.9375 score 1.0000 hit@1 1.0000 | drift n 5.71e-02 a 9.56e-02
  00124 ep 25 loss 1.7504 score 1.0000 hit@1 1.0000 | drift n 6.31e-02 a 1.10e-01
  00124 ep 30 loss 1.8417 score 1.0000 hit@1 1.0000 | drift n 6.63e-02 a 1.17e-01
  00124 ep 35 loss 2.0276 score 1.0000 hit@1 1.0000 | drift n 6.75e-02 a 1.20e-01
  00124 ep 39 loss 1.5779 score 1.0000 hit@1 1.0000 | drift n 6.77e-02 a 1.20e-01
[stage2] fold hold 00134  train 80 / val 4
  00134 ep  0 loss 3.2544 score 1.0000 hit@1 1.0000 | drift n 9.39e-04 a 8.75e-04
  00134 ep  5 loss 2.3034 score 1.0000 hit@1 1.0000 | drift n 1.96e-02 a 2.08e-02
  00134 ep 10 loss 1.9848 score 1.0000 hit@1 1.0000 | drift n 3.77e-02 a 4.68e-02
  00134 ep 15 loss 2.0139 score 1.0000 hit@1 1.0000 | drift n 5.07e-02 a 7.07e-02
  00134 ep 20 loss 1.9056 score 1.0000 hit@1 1.0000 | drift n 5.95e-02 a 8.86e-02
  00134 ep 25 loss 1.6099 score 1.0000 hit@1 1.0000 | drift n 6.50e-02 a 1.01e-01
  00134 ep 30 loss 1.7381 score 1.0000 hit@1 1.0000 | drift n 6.81e-02 a 1.07e-01
  00134 ep 35 loss 2.0158 score 1.0000 hit@1 1.0000 | drift n 6.92e-02 a 1.10e-01
  00134 ep 39 loss 1.7268 score 1.0000 hit@1 1.0000 | drift n 6.94e-02 a 1.10e-01
[stage2] fold hold 00154  train 80 / val 4
  00154 ep  0 loss 3.4264 score 0.7500 hit@1 0.5000 | drift n 9.50e-04 a 8.68e-04
  00154 ep  5 loss 2.2609 score 1.0000 hit@1 1.0000 | drift n 1.98e-02 a 2.03e-02
  00154 ep 10 loss 2.2415 score 1.0000 hit@1 1.0000 | drift n 3.80e-02 a 4.54e-02
  00154 ep 15 loss 1.9958 score 1.0000 hit@1 1.0000 | drift n 4.94e-02 a 6.94e-02
  00154 ep 20 loss 1.6456 score 1.0000 hit@1 1.0000 | drift n 5.75e-02 a 8.85e-02
  00154 ep 25 loss 1.7231 score 1.0000 hit@1 1.0000 | drift n 6.32e-02 a 1.01e-01
  00154 ep 30 loss 1.9851 score 1.0000 hit@1 1.0000 | drift n 6.65e-02 a 1.07e-01
  00154 ep 35 loss 1.6222 score 1.0000 hit@1 1.0000 | drift n 6.76e-02 a 1.10e-01
  00154 ep 39 loss 1.8812 score 1.0000 hit@1 1.0000 | drift n 6.77e-02 a 1.10e-01
[stage2] fold hold 00191  train 80 / val 4
  00191 ep  0 loss 3.4158 score 0.8397 hit@1 0.7500 | drift n 9.68e-04 a 8.69e-04
  00191 ep  5 loss 2.2625 score 0.8397 hit@1 0.7500 | drift n 2.07e-02 a 2.08e-02
  00191 ep 10 loss 2.1178 score 0.8429 hit@1 0.7500 | drift n 3.89e-02 a 4.73e-02
  00191 ep 15 loss 1.9658 score 0.8429 hit@1 0.7500 | drift n 5.09e-02 a 7.09e-02
  00191 ep 20 loss 2.0207 score 0.8429 hit@1 0.7500 | drift n 5.96e-02 a 8.88e-02
  00191 ep 25 loss 1.6914 score 0.8429 hit@1 0.7500 | drift n 6.54e-02 a 1.01e-01
  00191 ep 30 loss 1.8614 score 0.8429 hit@1 0.7500 | drift n 6.85e-02 a 1.08e-01
  00191 ep 35 loss 1.8392 score 0.8429 hit@1 0.7500 | drift n 6.97e-02 a 1.10e-01
  00191 ep 39 loss 1.5427 score 0.8429 hit@1 0.7500 | drift n 6.98e-02 a 1.11e-01
[stage2] fold hold 00630  train 80 / val 4
  00630 ep  0 loss 2.6867 score 0.8237 hit@1 1.0000 | drift n 8.80e-04 a 8.84e-04
  00630 ep  5 loss 1.9783 score 0.8237 hit@1 1.0000 | drift n 1.85e-02 a 2.10e-02
  00630 ep 10 loss 2.0324 score 0.8237 hit@1 1.0000 | drift n 3.54e-02 a 4.79e-02
  00630 ep 15 loss 1.9486 score 0.8237 hit@1 1.0000 | drift n 4.71e-02 a 7.31e-02
  00630 ep 20 loss 1.7510 score 0.8237 hit@1 1.0000 | drift n 5.58e-02 a 9.26e-02
  00630 ep 25 loss 1.7781 score 0.8237 hit@1 1.0000 | drift n 6.17e-02 a 1.06e-01
  00630 ep 30 loss 1.6482 score 0.8237 hit@1 1.0000 | drift n 6.51e-02 a 1.13e-01
  00630 ep 35 loss 1.6172 score 0.8237 hit@1 1.0000 | drift n 6.64e-02 a 1.15e-01
  00630 ep 39 loss 1.6271 score 0.8237 hit@1 1.0000 | drift n 6.65e-02 a 1.16e-01
[stage2] fold hold 00803  train 80 / val 4
  00803 ep  0 loss 2.9365 score 0.9776 hit@1 1.0000 | drift n 9.11e-04 a 8.93e-04
  00803 ep  5 loss 2.0625 score 0.9776 hit@1 1.0000 | drift n 2.02e-02 a 2.09e-02
  00803 ep 10 loss 1.8945 score 0.9744 hit@1 1.0000 | drift n 3.82e-02 a 4.88e-02
  00803 ep 15 loss 1.8099 score 0.9744 hit@1 1.0000 | drift n 5.02e-02 a 7.49e-02
  00803 ep 20 loss 1.7456 score 0.9744 hit@1 1.0000 | drift n 5.97e-02 a 9.52e-02
  00803 ep 25 loss 1.8645 score 0.9712 hit@1 1.0000 | drift n 6.60e-02 a 1.08e-01
  00803 ep 30 loss 1.7160 score 0.9712 hit@1 1.0000 | drift n 6.95e-02 a 1.15e-01
  00803 ep 35 loss 1.6462 score 0.9712 hit@1 1.0000 | drift n 7.08e-02 a 1.18e-01
  00803 ep 39 loss 1.8011 score 0.9712 hit@1 1.0000 | drift n 7.09e-02 a 1.18e-01
[stage2] fold hold 01180  train 80 / val 4
  01180 ep  0 loss 3.0978 score 0.7628 hit@1 0.7500 | drift n 9.34e-04 a 8.45e-04
  01180 ep  5 loss 2.2940 score 0.8878 hit@1 1.0000 | drift n 2.04e-02 a 2.07e-02
  01180 ep 10 loss 1.9214 score 0.8878 hit@1 1.0000 | drift n 3.80e-02 a 4.73e-02
  01180 ep 15 loss 1.7578 score 0.8878 hit@1 1.0000 | drift n 5.08e-02 a 7.13e-02
  01180 ep 20 loss 1.8422 score 0.8910 hit@1 1.0000 | drift n 6.02e-02 a 9.12e-02
  01180 ep 25 loss 1.7128 score 0.8910 hit@1 1.0000 | drift n 6.63e-02 a 1.04e-01
  01180 ep 30 loss 1.7440 score 0.8910 hit@1 1.0000 | drift n 6.97e-02 a 1.11e-01
  01180 ep 35 loss 1.5555 score 0.8910 hit@1 1.0000 | drift n 7.10e-02 a 1.14e-01
  01180 ep 39 loss 1.5951 score 0.8910 hit@1 1.0000 | drift n 7.12e-02 a 1.14e-01
[stage2] fold hold 01388  train 80 / val 4
  01388 ep  0 loss 2.8826 score 0.9615 hit@1 1.0000 | drift n 8.88e-04 a 8.65e-04
  01388 ep  5 loss 2.3014 score 0.9583 hit@1 1.0000 | drift n 1.93e-02 a 1.99e-02
  01388 ep 10 loss 1.8774 score 0.9583 hit@1 1.0000 | drift n 3.69e-02 a 4.61e-02
  01388 ep 15 loss 1.8702 score 0.9551 hit@1 1.0000 | drift n 4.89e-02 a 7.12e-02
  01388 ep 20 loss 1.6130 score 0.9551 hit@1 1.0000 | drift n 5.77e-02 a 9.20e-02
  01388 ep 25 loss 1.7135 score 0.9551 hit@1 1.0000 | drift n 6.40e-02 a 1.05e-01
  01388 ep 30 loss 1.7145 score 0.9551 hit@1 1.0000 | drift n 6.74e-02 a 1.11e-01
  01388 ep 35 loss 1.8497 score 0.9551 hit@1 1.0000 | drift n 6.86e-02 a 1.14e-01
  01388 ep 39 loss 1.6504 score 0.9551 hit@1 1.0000 | drift n 6.87e-02 a 1.14e-01
[stage2] fold hold 01471  train 80 / val 4
  01471 ep  0 loss 2.7514 score 0.9391 hit@1 1.0000 | drift n 8.88e-04 a 8.54e-04
  01471 ep  5 loss 2.4065 score 0.9391 hit@1 1.0000 | drift n 1.95e-02 a 2.02e-02
  01471 ep 10 loss 1.5152 score 0.9391 hit@1 1.0000 | drift n 3.81e-02 a 4.68e-02
  01471 ep 15 loss 1.7177 score 0.9391 hit@1 1.0000 | drift n 5.05e-02 a 7.17e-02
  01471 ep 20 loss 1.5856 score 0.9391 hit@1 1.0000 | drift n 6.01e-02 a 9.08e-02
  01471 ep 25 loss 1.7321 score 0.9391 hit@1 1.0000 | drift n 6.64e-02 a 1.04e-01
  01471 ep 30 loss 1.4354 score 0.9391 hit@1 1.0000 | drift n 6.98e-02 a 1.11e-01
  01471 ep 35 loss 1.5823 score 0.9391 hit@1 1.0000 | drift n 7.10e-02 a 1.14e-01
  01471 ep 39 loss 1.7386 score 0.9391 hit@1 1.0000 | drift n 7.11e-02 a 1.14e-01
[stage2] fold hold 01597  train 80 / val 4
  01597 ep  0 loss 3.0607 score 0.9391 hit@1 1.0000 | drift n 9.05e-04 a 8.75e-04
  01597 ep  5 loss 2.1681 score 0.9391 hit@1 1.0000 | drift n 1.94e-02 a 2.03e-02
  01597 ep 10 loss 1.8358 score 0.9391 hit@1 1.0000 | drift n 3.65e-02 a 4.68e-02
  01597 ep 15 loss 2.0816 score 0.9359 hit@1 1.0000 | drift n 4.79e-02 a 7.09e-02
  01597 ep 20 loss 1.8773 score 0.9359 hit@1 1.0000 | drift n 5.71e-02 a 8.98e-02
  01597 ep 25 loss 1.6982 score 0.9359 hit@1 1.0000 | drift n 6.30e-02 a 1.03e-01
  01597 ep 30 loss 1.5405 score 0.9359 hit@1 1.0000 | drift n 6.64e-02 a 1.09e-01
  01597 ep 35 loss 1.9170 score 0.9359 hit@1 1.0000 | drift n 6.77e-02 a 1.11e-01
  01597 ep 39 loss 1.9355 score 0.9359 hit@1 1.0000 | drift n 6.78e-02 a 1.12e-01
[stage2] fold hold 01646  train 80 / val 4
  01646 ep  0 loss 2.8319 score 0.6186 hit@1 0.6667 | drift n 8.69e-04 a 8.67e-04
  01646 ep  5 loss 1.7966 score 0.6186 hit@1 0.6667 | drift n 1.88e-02 a 1.99e-02
  01646 ep 10 loss 1.8304 score 0.6282 hit@1 0.6667 | drift n 3.62e-02 a 4.73e-02
  01646 ep 15 loss 1.6153 score 0.6314 hit@1 0.6667 | drift n 4.96e-02 a 7.24e-02
  01646 ep 20 loss 1.4453 score 0.6314 hit@1 0.6667 | drift n 5.99e-02 a 9.33e-02
  01646 ep 25 loss 1.5659 score 0.6282 hit@1 0.6667 | drift n 6.69e-02 a 1.07e-01
  01646 ep 30 loss 1.3904 score 0.6282 hit@1 0.6667 | drift n 7.06e-02 a 1.15e-01
  01646 ep 35 loss 1.6693 score 0.6282 hit@1 0.6667 | drift n 7.21e-02 a 1.17e-01
  01646 ep 39 loss 1.5093 score 0.6282 hit@1 0.6667 | drift n 7.23e-02 a 1.18e-01
[stage2] 症例 CV 固定 epoch=40 (折内最优 [0, 0, 1, 0, 0, 0, 16, 0, 0, 0, 14])
  final ep  0 loss 3.2279 | drift n 8.88e-04 a 8.51e-04
  final ep  5 loss 2.2830 | drift n 1.94e-02 a 2.01e-02
  final ep 10 loss 1.8079 | drift n 3.67e-02 a 4.56e-02
  final ep 15 loss 1.7962 | drift n 4.82e-02 a 6.87e-02
  final ep 20 loss 1.7492 | drift n 5.72e-02 a 8.73e-02
  final ep 25 loss 1.8947 | drift n 6.30e-02 a 1.00e-01
  final ep 30 loss 1.9149 | drift n 6.60e-02 a 1.07e-01
  final ep 35 loss 1.7114 | drift n 6.72e-02 a 1.10e-01
  final ep 39 loss 1.6937 | drift n 6.73e-02 a 1.10e-01
[stage2] 在 OOF 异常切片上训空间门控
  [spatial] ep  0 tversky 0.7221
  [spatial] ep 10 tversky 0.7217
  [spatial] ep 20 tversky 0.7211
  [spatial] ep 30 tversky 0.7206
  [spatial] ep 39 tversky 0.7200
[stage2] OOF 二值 mask τ=0.80  Dice=0.7210 (eval_size=240, 拟合 Dice, 非 test)
[stage2] OOF 空间门控 hit@1=0.9470  alpha_fuse=0.050  AUC=0.9452  α_pt=0.0 λ_pt=0.0
[stage2] 线性融合(未部署) fuse_w={'proto': 0.75, 'text': 0.0, 'mem': 0.25}  hit@1=0.8833
[stage2] OOF 图像分 w_heat=0.50 w_text=0.30 w_adapt=0.20
[stage2] 最优 epoch 39 (score nan hit@1 nan), 用时 2.1 分钟
  [warn] Stage2 (解冻原型): 最优 (α_pt,λ_pt)=(0.0,0.0) 落在网格边界,建议扩网格

====================================================================================================
Stage 1 vs Stage 2(test 集)
====================================================================================================
                                                 tag                  alpha_pt                    lam_pt                   val_acc              edge_warning            acc_image_only           acc_lesion_only                 acc_fused            acc_text_fused                    w_heat                    w_text                   w_adapt                 image_auc                  image_ap                alpha_fuse               oof_img_auc            auc_heat_alone            auc_text_alone           auc_adapt_alone               auc_3signal          pixel_auc_paclip           pixel_ap_paclip    pixel_auc_paclip_fixed     pixel_ap_paclip_fixed            pixel_auc_ours             pixel_ap_ours      pixel_auc_ours_fixed       pixel_ap_ours_fixed               pixel_aupro            n_pixel_slices               hit@1_valid              hit@1_strict              hit@1_chance               hit@3_valid              hit@3_strict              hit@3_chance              hit@10_valid             hit@10_strict             hit@10_chance                   n_valid                   n_total          lesion_area_mean                  lesion_z              background_z                 gap_sigma                peak_gap_z                 mask_dice                  mask_iou                  post_tau
Stage1 (冻结原型)                          Stage1 (冻结原型)                   50.0000                    0.0000                    9.7252                      True                 8277.2541                 8277.2541                 8277.2541                 8277.2541                    0.4000                    0.3000                    0.3000                   95.9024                   99.1648                    0.0500                   91.5501                    0.9141                    0.5000                    0.9213                    0.9590                   98.2005                   74.5924                   98.1813                   74.3538                   98.4197                   74.0497                   98.4044                   73.8673                   87.0524                      3075                   89.9259                   86.7967                    3.8548                   97.5741                   94.1789                   11.5645                   99.3598                   95.9024                   38.5210                      2968                      3075                    0.0399                    2.1910                   -0.0890                    2.2800                    0.3723                    0.1904                    0.1083                    0.5000
Stage1 (冻结原型) proto-only                                                                                                                                                                                                                                                                                                                                                                                                                                                                                                                                                             97.9168                   68.0065                   97.9038                   67.7818                   98.1651                   69.4171                   98.1599                   69.3012                   84.0725                      3075                   79.9865                   77.2033                    3.8548                   95.9232                   92.5854                   11.5645                   99.2588                   95.8049                   38.5210                      2968                      3075                    0.0399                    1.8012                   -0.0737                    1.8749                    0.1482                                                                              
Stage1 (冻结原型) text-only                                                                                                                                                                                                                                                                                                                                                                                                                                                                                                                                                              97.6018                   73.5008                   97.5649                   73.2139                   98.0585                   74.6450                   98.0369                   74.4480                   83.1551                      3075                   86.7251                   83.7073                    3.8548                   96.4286                   93.0732                   11.5645                   99.0566                   95.6098                   38.5210                      2968                      3075                    0.0399                    2.7987                   -0.1118                    2.9105                    0.8090                                                                              
Stage1 (冻结原型) mem-only                                                                                                                                                                                                                                                                                                                                                                                                                                                                                                                                                               93.9169                   45.0150                   93.9313                   45.0293                   94.3776                   45.7524                   94.4110                   45.8179                   72.0201                      3075                   57.7493                   55.7398                    3.8548                   83.1536                   80.2602                   11.5645                   94.5418                   91.2520                   38.5210                      2968                      3075                    0.0399                    1.5803                   -0.0661                    1.6464                    0.0209                                                                              
Stage1 (冻结原型) fused                                                                                                                                                                                                                                                                                                                                                                                                                                                                                                                                                                  98.2005                   74.5924                   98.1813                   74.3538                   98.4197                   74.0497                   98.4044                   73.8673                   87.0524                      3075                   89.9259                   86.7967                    3.8548                   97.5741                   94.1789                   11.5645                   99.3598                   95.9024                   38.5210                      2968                      3075                    0.0399                    2.1910                   -0.0890                    2.2800                    0.3723                                                                              
Stage2 (解冻原型)                          Stage2 (解冻原型)                    0.0000                    0.0000                    9.3023                      True                 8277.2541                 8277.2541                 8277.2541                 8277.2541                    0.5000                    0.3000                    0.2000                   96.4764                   99.2929                    0.0500                   94.5221                    0.9467                    0.5000                    0.9175                    0.9648                   98.5136                   79.1721                   98.4996                   78.9923                   98.8326                   79.7186                   98.8231                   79.6008                   89.1939                      3075                   94.9461                   91.6423                    3.8548                   98.4838                   95.0569                   11.5645                   99.5957                   96.1301                   38.5210                      2968                      3075                    0.0399                    2.4841                   -0.1006                    2.5847                    0.6322                    0.7158                    0.5991                    0.8000
Stage2 (解冻原型) proto-only                                                                                                                                                                                                                                                                                                                                                                                                                                                                                                                                                             98.7659                   81.5227                   98.7554                   81.3915                   99.1094                   84.0321                   99.1036                   83.9422                   89.8499                      3075                   95.9232                   92.5854                    3.8548                   98.6523                   95.2195                   11.5645                   99.5620                   96.0976                   38.5210                      2968                      3075                    0.0399                    2.5628                   -0.1031                    2.6659                    0.8455                                                                              
Stage2 (解冻原型) text-only                                                                                                                                                                                                                                                                                                                                                                                                                                                                                                                                                              97.8221                   74.0374                   97.7945                   73.7603                   98.3171                   75.9628                   98.3036                   75.8050                   84.0055                      3075                   88.9151                   85.8211                    3.8548                   97.0350                   93.6585                   11.5645                   99.1914                   95.7398                   38.5210                      2968                      3075                    0.0399                    2.9240                   -0.1168                    3.0408                    0.8792                                                                              
Stage2 (解冻原型) mem-only                                                                                                                                                                                                                                                                                                                                                                                                                                                                                                                                                               94.3137                   47.0547                   94.3245                   47.0339                   94.8385                   48.2892                   94.8688                   48.3016                   73.4952                      3075                   60.6806                   58.5691                    3.8548                   84.8720                   81.9187                   11.5645                   95.2493                   91.9350                   38.5210                      2968                      3075                    0.0399                    1.6344                   -0.0682                    1.7026                    0.0332                                                                              
Stage2 (解冻原型) fused                                                                                                                                                                                                                                                                                                                                                                                                                                                                                                                                                                  98.5136                   79.1721                   98.4996                   78.9923                   98.8326                   79.7186                   98.8231                   79.6008                   89.1939                      3075                   94.9461                   91.6423                    3.8548                   98.4838                   95.0569                   11.5645                   99.5957                   96.1301                   38.5210                      2968                      3075                    0.0399                    2.4841                   -0.1006                    2.5847                    0.6322                                                                              
[report] 已写入 stage1_vs_stage2__brain_f__seed444.csv / stage1_vs_stage2__brain_f__seed444.json / all_stages.csv  (10 行)

======== seed 555 (5/5) ========
[proto] 来源 few_shot(40+44, 84 张) | Kn=6 Ka=6 | layers=[3, 6, 9, 11] | double_norm=False
[proto] 正常 patch 7,840 | 异常 patch 335 (来自 42/44 张异常切片)
[proto] 注意: 2 张异常切片的 14x14 mask 为空 (4.5%),已排除
[text] 基线锚点 ['normal', 'tumor'] -> W_text (512, 2)
[text] 分层 t0 global (2, 512) attr 4 lesion (2, 512)
[text] 已加载 runs/.../text.pt 适配器
[mem] 异常 patch 335 | 正常 patch 7840 (from 40 张) | 位置感知=开
[text] 支持集 A_text peak_gap_z=+0.683 → sign=1

=== Stage text: Residual Adapter + 分层锚点 ===
[text] 警告: 2 张异常 14x14 mask 为空,L_patch 将跳过它们
[text] batch 16 × 5 step/epoch | 折内早停=关(训满 epoch)
[text] fold hold 00124  train 40 / val 4
  00124 ep  0 loss 3.1672 val 0.5000
  00124 ep 10 loss 0.7366 val 0.7885
  00124 ep 20 loss 0.4816 val 0.7500
  00124 ep 30 loss 0.3891 val 0.7500
  00124 ep 40 loss 0.3632 val 0.7500
  00124 ep 50 loss 0.3438 val 0.7500
  00124 ep 60 loss 0.3588 val 0.7500
  00124 ep 70 loss 0.3547 val 0.7500
  00124 ep 79 loss 0.3535 val 0.7500
[cv] OOF 负例: leftover valid 正常 39 张 (不进原型 / Memory / 训练)
[text] fold hold 00134  train 40 / val 4
  00134 ep  0 loss 2.9263 val 0.4808
  00134 ep 10 loss 0.7254 val 0.7885
  00134 ep 20 loss 0.4531 val 0.7500
  00134 ep 30 loss 0.3728 val 0.7500
  00134 ep 40 loss 0.3628 val 0.7500
  00134 ep 50 loss 0.3554 val 0.7500
  00134 ep 60 loss 0.3373 val 0.7500
  00134 ep 70 loss 0.3540 val 0.7500
  00134 ep 79 loss 0.3369 val 0.7500
[text] fold hold 00154  train 40 / val 4
  00154 ep  0 loss 3.0445 val 0.5000
  00154 ep 10 loss 0.7328 val 0.6571
  00154 ep 20 loss 0.4419 val 0.6250
  00154 ep 30 loss 0.3829 val 0.6250
  00154 ep 40 loss 0.3800 val 0.6250
  00154 ep 50 loss 0.3540 val 0.6250
  00154 ep 60 loss 0.3569 val 0.6250
  00154 ep 70 loss 0.3659 val 0.6250
  00154 ep 79 loss 0.3564 val 0.6250
[text] fold hold 00191  train 40 / val 4
  00191 ep  0 loss 3.0446 val 0.4583
  00191 ep 10 loss 0.7305 val 0.5321
  00191 ep 20 loss 0.4701 val 0.6250
  00191 ep 30 loss 0.3595 val 0.6250
  00191 ep 40 loss 0.3509 val 0.6250
  00191 ep 50 loss 0.3493 val 0.6250
  00191 ep 60 loss 0.3360 val 0.6250
  00191 ep 70 loss 0.3519 val 0.6250
  00191 ep 79 loss 0.3348 val 0.6250
[text] fold hold 00630  train 40 / val 4
  00630 ep  0 loss 2.9753 val 0.3429
  00630 ep 10 loss 0.7066 val 0.5256
  00630 ep 20 loss 0.4492 val 0.6250
  00630 ep 30 loss 0.3507 val 0.5000
  00630 ep 40 loss 0.3416 val 0.5000
  00630 ep 50 loss 0.3490 val 0.5000
  00630 ep 60 loss 0.3419 val 0.5000
  00630 ep 70 loss 0.3313 val 0.5000
  00630 ep 79 loss 0.3527 val 0.5000
[text] fold hold 00803  train 40 / val 4
  00803 ep  0 loss 3.0398 val 0.4615
  00803 ep 10 loss 0.7182 val 0.7949
  00803 ep 20 loss 0.4927 val 0.7500
  00803 ep 30 loss 0.3618 val 0.7500
  00803 ep 40 loss 0.3529 val 0.7500
  00803 ep 50 loss 0.3505 val 0.7500
  00803 ep 60 loss 0.3598 val 0.7500
  00803 ep 70 loss 0.3408 val 0.7500
  00803 ep 79 loss 0.3415 val 0.7500
[text] fold hold 01180  train 40 / val 4
  01180 ep  0 loss 2.8490 val 0.3686
  01180 ep 10 loss 0.6857 val 0.6138
  01180 ep 20 loss 0.4216 val 0.6250
  01180 ep 30 loss 0.3548 val 0.7500
  01180 ep 40 loss 0.3402 val 0.7500
  01180 ep 50 loss 0.3287 val 0.7500
  01180 ep 60 loss 0.3146 val 0.6250
  01180 ep 70 loss 0.3113 val 0.7500
  01180 ep 79 loss 0.3192 val 0.7500
[text] fold hold 01388  train 40 / val 4
  01388 ep  0 loss 3.0832 val 0.5000
  01388 ep 10 loss 0.7460 val 0.7821
  01388 ep 20 loss 0.4648 val 0.7500
  01388 ep 30 loss 0.4016 val 0.7500
  01388 ep 40 loss 0.3838 val 0.7500
  01388 ep 50 loss 0.3475 val 0.7500
  01388 ep 60 loss 0.3557 val 0.7500
  01388 ep 70 loss 0.3370 val 0.7500
  01388 ep 79 loss 0.3462 val 0.7500
[text] fold hold 01471  train 40 / val 4
  01471 ep  0 loss 2.9389 val 0.4712
  01471 ep 10 loss 0.7265 val 0.7821
  01471 ep 20 loss 0.4653 val 0.7500
  01471 ep 30 loss 0.3960 val 0.7500
  01471 ep 40 loss 0.3609 val 0.7500
  01471 ep 50 loss 0.3507 val 0.7500
  01471 ep 60 loss 0.3561 val 0.7500
  01471 ep 70 loss 0.3540 val 0.7500
  01471 ep 79 loss 0.3406 val 0.7500
[text] fold hold 01597  train 40 / val 4
  01597 ep  0 loss 3.0050 val 0.4712
  01597 ep 10 loss 0.7097 val 0.6571
  01597 ep 20 loss 0.4695 val 0.6250
  01597 ep 30 loss 0.3731 val 0.6250
  01597 ep 40 loss 0.3443 val 0.6250
  01597 ep 50 loss 0.3579 val 0.6250
  01597 ep 60 loss 0.3524 val 0.6250
  01597 ep 70 loss 0.3262 val 0.6250
  01597 ep 79 loss 0.3290 val 0.6250
[text] fold hold 01646  train 40 / val 4
  01646 ep  0 loss 3.0041 val 0.1923
  01646 ep 10 loss 0.7462 val 0.5561
  01646 ep 20 loss 0.4448 val 0.4167
  01646 ep 30 loss 0.3743 val 0.4167
  01646 ep 40 loss 0.3554 val 0.4167
  01646 ep 50 loss 0.3537 val 0.4167
  01646 ep 60 loss 0.3551 val 0.4167
  01646 ep 70 loss 0.3499 val 0.4167
  01646 ep 79 loss 0.3547 val 0.4167
[text] 症例 CV 固定 epoch=80 (折内最优 [2, 5, 5, 3, 20, 2, 7, 5, 8, 8, 11])
[text] OOF fuse_w {'proto': 0.5, 'text': 0.25, 'mem': 0.25}  hit@1=0.8160  alpha_fuse=0.050  AUC=0.8619
  final ep  0 loss 3.0443
  final ep 10 loss 0.7300
  final ep 20 loss 0.4733
  final ep 30 loss 0.3854
  final ep 40 loss 0.3570
  final ep 50 loss 0.3461
  final ep 60 loss 0.3526
  final ep 70 loss 0.3517
  final ep 79 loss 0.3412
[text] 支持集 A_text peak_gap_z=+0.683 → sign=1
[text] 权重 /hy-tmp/PA-CLIP-F/runs/brain_f/text__seed555.pt | fuse_w {'proto': 0.5, 'text': 0.25, 'mem': 0.25} | alpha 0.050

====================================================================================================
Stage text (test 集)
====================================================================================================
                                                tag                  alpha_pt                    lam_pt                   val_acc              edge_warning            acc_image_only           acc_lesion_only                 acc_fused            acc_text_fused                    w_heat                    w_text                   w_adapt                 image_auc                  image_ap                alpha_fuse               oof_img_auc            auc_heat_alone            auc_text_alone          pixel_auc_paclip           pixel_ap_paclip    pixel_auc_paclip_fixed     pixel_ap_paclip_fixed            pixel_auc_ours             pixel_ap_ours      pixel_auc_ours_fixed       pixel_ap_ours_fixed               pixel_aupro            n_pixel_slices               hit@1_valid              hit@1_strict              hit@1_chance               hit@3_valid              hit@3_strict              hit@3_chance              hit@10_valid             hit@10_strict             hit@10_chance                   n_valid                   n_total          lesion_area_mean                  lesion_z              background_z                 gap_sigma                peak_gap_z                 mask_dice                  mask_iou                  post_tau
text-adapter                           text-adapter                    0.0000                    0.0000                       nan                     False                 8277.2541                       nan                 8277.2541                 8277.2541                    0.0500                    0.9500                    0.0000                   91.2358                   98.1451                    0.0500                   86.1888                    0.9124                    0.5000                   98.2878                   75.4353                   98.2720                   75.2238                   98.4699                   74.2369                   98.4576                   74.0862                   87.5846                      3075                   90.9703                   87.8049                    3.8548                   97.8774                   94.4715                   11.5645                   99.4609                   96.0000                   38.5210                      2968                      3075                    0.0399                    2.1778                   -0.0888                    2.2666                    0.3761                    0.2044                    0.1174                    0.5000
text-adapter proto-only                                                                                                                                                                                                                                                                                                                                                                                                                                                                                                         97.9214                   68.8167                   97.9109                   68.6520                   98.3876                   72.4269                   98.3862                   72.3194                   85.3970                      3075                   83.8949                   80.9756                    3.8548                   96.4960                   93.1382                   11.5645                   99.4272                   95.9675                   38.5210                      2968                      3075                    0.0399                    1.8041                   -0.0742                    1.8783                    0.1579                                                                              
text-adapter text-only                                                                                                                                                                                                                                                                                                                                                                                                                                                                                                          97.7778                   73.7818                   97.7518                   73.5099                   98.3102                   75.9157                   98.2984                   75.7688                   83.5642                      3075                   89.0162                   85.9187                    3.8548                   97.1024                   93.7236                   11.5645                   99.2251                   95.7724                   38.5210                      2968                      3075                    0.0399                    2.9382                   -0.1174                    3.0555                    0.9063                                                                              
text-adapter mem-only                                                                                                                                                                                                                                                                                                                                                                                                                                                                                                           94.5320                   46.9925                   94.5393                   46.9392                   95.1781                   49.7647                   95.2002                   49.7411                   74.3041                      3075                   62.8369                   60.6504                    3.8548                   86.6914                   83.6748                   11.5645                   95.6536                   92.3252                   38.5210                      2968                      3075                    0.0399                    1.6906                   -0.0702                    1.7608                    0.0443                                                                              
text-adapter fused                                                                                                                                                                                                                                                                                                                                                                                                                                                                                                              98.2878                   75.4353                   98.2720                   75.2238                   98.4699                   74.2369                   98.4576                   74.0862                   87.5846                      3075                   90.9703                   87.8049                    3.8548                   97.8774                   94.4715                   11.5645                   99.4609                   96.0000                   38.5210                      2968                      3075                    0.0399                    2.1778                   -0.0888                    2.2666                    0.3761                                                                              
[report] 已写入 text__brain_f__seed555.csv / text__brain_f__seed555.json / all_stages.csv  (5 行)
[proto] 来源 few_shot(40+44, 84 张) | Kn=6 Ka=6 | layers=[3, 6, 9, 11] | double_norm=False
[proto] 正常 patch 7,840 | 异常 patch 335 (来自 42/44 张异常切片)
[proto] 注意: 2 张异常切片的 14x14 mask 为空 (4.5%),已排除
[text] 基线锚点 ['normal', 'tumor'] -> W_text (512, 2)
[text] 分层 t0 global (2, 512) attr 4 lesion (2, 512)
[text] 已加载 runs/.../text.pt 适配器
[mem] 异常 patch 335 | 正常 patch 7840 (from 40 张) | 位置感知=开
[text] 支持集 A_text peak_gap_z=+0.683 → sign=1

=== Stage 1: 冻结原型,训练分类适配器 ===
[stage1] 训练样本 84 张 (train_scope=few_shot) | 异常 44 正常 40 | batch 16 × 5 step/epoch | 折内早停=关(训满 epoch)
[stage1] 病灶特征池化完成 (7544, 512) (0.0s) | Patch Adapter=开
[cv] OOF 负例: leftover valid 正常 39 张 (不进原型 / Memory / 训练)
[stage1] fold hold 00124  train 80 / val 4
  00124 ep  0 loss 2.9671 val AUC 1.0000 | cos 0.910
  00124 ep  4 loss 0.1663 val AUC 1.0000 | cos 0.802
  00124 ep  8 loss 0.0158 val AUC 1.0000 | cos 0.753
  00124 ep 12 loss 0.0095 val AUC 1.0000 | cos 0.741
  00124 ep 16 loss 0.0083 val AUC 1.0000 | cos 0.738
  00124 ep 19 loss 0.0077 val AUC 1.0000 | cos 0.738
[stage1] fold hold 00134  train 80 / val 4
  00134 ep  0 loss 3.0354 val AUC 1.0000 | cos 0.913
  00134 ep  4 loss 0.1759 val AUC 1.0000 | cos 0.800
  00134 ep  8 loss 0.0146 val AUC 1.0000 | cos 0.748
  00134 ep 12 loss 0.0097 val AUC 1.0000 | cos 0.737
  00134 ep 16 loss 0.0062 val AUC 1.0000 | cos 0.734
  00134 ep 19 loss 0.0073 val AUC 1.0000 | cos 0.734
[stage1] fold hold 00154  train 80 / val 4
  00154 ep  0 loss 2.9303 val AUC 1.0000 | cos 0.913
  00154 ep  4 loss 0.1533 val AUC 1.0000 | cos 0.807
  00154 ep  8 loss 0.0174 val AUC 1.0000 | cos 0.755
  00154 ep 12 loss 0.0104 val AUC 1.0000 | cos 0.742
  00154 ep 16 loss 0.0077 val AUC 1.0000 | cos 0.739
  00154 ep 19 loss 0.0086 val AUC 1.0000 | cos 0.738
[stage1] fold hold 00191  train 80 / val 4
  00191 ep  0 loss 2.5891 val AUC 0.9167 | cos 0.911
  00191 ep  4 loss 0.1579 val AUC 0.8974 | cos 0.802
  00191 ep  8 loss 0.0153 val AUC 0.8974 | cos 0.754
  00191 ep 12 loss 0.0128 val AUC 0.9038 | cos 0.742
  00191 ep 16 loss 0.0099 val AUC 0.9038 | cos 0.739
  00191 ep 19 loss 0.0096 val AUC 0.9038 | cos 0.738
[stage1] fold hold 00630  train 80 / val 4
  00630 ep  0 loss 2.7159 val AUC 0.6282 | cos 0.901
  00630 ep  4 loss 0.1459 val AUC 0.6282 | cos 0.792
  00630 ep  8 loss 0.0151 val AUC 0.6603 | cos 0.745
  00630 ep 12 loss 0.0079 val AUC 0.6603 | cos 0.734
  00630 ep 16 loss 0.0082 val AUC 0.6603 | cos 0.731
  00630 ep 19 loss 0.0081 val AUC 0.6603 | cos 0.731
[stage1] fold hold 00803  train 80 / val 4
  00803 ep  0 loss 2.9406 val AUC 0.9872 | cos 0.913
  00803 ep  4 loss 0.2095 val AUC 0.9872 | cos 0.803
  00803 ep  8 loss 0.0205 val AUC 0.9872 | cos 0.755
  00803 ep 12 loss 0.0083 val AUC 0.9808 | cos 0.743
  00803 ep 16 loss 0.0092 val AUC 0.9808 | cos 0.740
  00803 ep 19 loss 0.0113 val AUC 0.9808 | cos 0.740
[stage1] fold hold 01180  train 80 / val 4
  01180 ep  0 loss 2.2598 val AUC 0.6667 | cos 0.897
  01180 ep  4 loss 0.1270 val AUC 0.7179 | cos 0.808
  01180 ep  8 loss 0.0234 val AUC 0.7244 | cos 0.764
  01180 ep 12 loss 0.0105 val AUC 0.7244 | cos 0.752
  01180 ep 16 loss 0.0074 val AUC 0.7244 | cos 0.749
  01180 ep 19 loss 0.0083 val AUC 0.7244 | cos 0.748
[stage1] fold hold 01388  train 80 / val 4
  01388 ep  0 loss 2.4217 val AUC 0.9551 | cos 0.910
  01388 ep  4 loss 0.1992 val AUC 0.9359 | cos 0.797
  01388 ep  8 loss 0.0148 val AUC 0.9038 | cos 0.751
  01388 ep 12 loss 0.0092 val AUC 0.9038 | cos 0.740
  01388 ep 16 loss 0.0068 val AUC 0.9038 | cos 0.737
  01388 ep 19 loss 0.0074 val AUC 0.9038 | cos 0.737
[stage1] fold hold 01471  train 80 / val 4
  01471 ep  0 loss 2.6016 val AUC 0.8910 | cos 0.913
  01471 ep  4 loss 0.2233 val AUC 0.8846 | cos 0.802
  01471 ep  8 loss 0.0143 val AUC 0.8718 | cos 0.747
  01471 ep 12 loss 0.0082 val AUC 0.8718 | cos 0.735
  01471 ep 16 loss 0.0067 val AUC 0.8718 | cos 0.732
  01471 ep 19 loss 0.0056 val AUC 0.8718 | cos 0.731
[stage1] fold hold 01597  train 80 / val 4
  01597 ep  0 loss 2.3692 val AUC 0.9872 | cos 0.912
  01597 ep  4 loss 0.1839 val AUC 0.9744 | cos 0.805
  01597 ep  8 loss 0.0136 val AUC 0.9551 | cos 0.754
  01597 ep 12 loss 0.0098 val AUC 0.9551 | cos 0.742
  01597 ep 16 loss 0.0074 val AUC 0.9551 | cos 0.739
  01597 ep 19 loss 0.0073 val AUC 0.9551 | cos 0.739
[stage1] fold hold 01646  train 80 / val 4
  01646 ep  0 loss 2.3586 val AUC 0.6026 | cos 0.903
  01646 ep  4 loss 0.1312 val AUC 0.5833 | cos 0.797
  01646 ep  8 loss 0.0169 val AUC 0.5769 | cos 0.748
  01646 ep 12 loss 0.0098 val AUC 0.5833 | cos 0.736
  01646 ep 16 loss 0.0091 val AUC 0.5833 | cos 0.733
  01646 ep 19 loss 0.0067 val AUC 0.5833 | cos 0.733
[stage1] 症例 CV 固定 epoch=20 (折内最优 [0, 0, 0, 0, 8, 0, 6, 0, 0, 0, 0])
  final ep  0 loss 2.1941 | cos 0.910
  final ep  4 loss 0.2123 | cos 0.807
  final ep  8 loss 0.0226 | cos 0.758
  final ep 12 loss 0.0077 | cos 0.745
  final ep 16 loss 0.0086 | cos 0.742
  final ep 19 loss 0.0094 | cos 0.742
[cv] OOF fuse_w {'proto': 0.5, 'text': 0.25, 'mem': 0.25}  hit@1=0.8156  alpha_fuse=0.050  AUC=0.9196
[cv] OOF α_pt=50.0 λ_pt=0.0  acc=9.94
[cv] OOF 图像分 w_heat=0.30 w_text=0.50 w_adapt=0.20
[stage1] 最优 epoch 19 (val AUC nan), 最终 cos img 0.7418 / les 0.6972
  [warn] Stage1 (冻结原型): 最优 (α_pt,λ_pt)=(50.0,0.0) 落在网格边界,建议扩网格

=== Stage 2: 解冻原型 + 定位损失 ===
[cache] layer 3 memmap (7544, 196, 512) float16 → patch_l3_fp16.npy
[cache] layer 6 memmap (7544, 196, 512) float16 → patch_l6_fp16.npy
[cache] layer 9 memmap (7544, 196, 512) float16 → patch_l9_fp16.npy
[cache] layer 11 memmap (7544, 196, 512) float16 → patch_l11_fp16.npy
[stage2] 训练样本 84 张 | batch 16 × 5 step/epoch | 折内早停=关(训满 epoch)
[stage2] fold hold 00124  train 80 / val 4
  00124 ep  0 loss 3.2914 score 1.0000 hit@1 1.0000 | drift n 9.08e-04 a 8.77e-04
  00124 ep  5 loss 2.2330 score 1.0000 hit@1 1.0000 | drift n 1.90e-02 a 2.00e-02
  00124 ep 10 loss 2.0998 score 1.0000 hit@1 1.0000 | drift n 3.61e-02 a 4.54e-02
  00124 ep 15 loss 1.9480 score 1.0000 hit@1 1.0000 | drift n 4.80e-02 a 6.97e-02
  00124 ep 20 loss 2.0356 score 1.0000 hit@1 1.0000 | drift n 5.75e-02 a 8.87e-02
  00124 ep 25 loss 1.6867 score 1.0000 hit@1 1.0000 | drift n 6.35e-02 a 1.02e-01
  00124 ep 30 loss 1.5716 score 1.0000 hit@1 1.0000 | drift n 6.70e-02 a 1.09e-01
  00124 ep 35 loss 1.8525 score 1.0000 hit@1 1.0000 | drift n 6.82e-02 a 1.11e-01
  00124 ep 39 loss 1.7007 score 1.0000 hit@1 1.0000 | drift n 6.83e-02 a 1.12e-01
[stage2] fold hold 00134  train 80 / val 4
  00134 ep  0 loss 3.2427 score 1.0000 hit@1 1.0000 | drift n 9.26e-04 a 8.94e-04
  00134 ep  5 loss 2.3513 score 1.0000 hit@1 1.0000 | drift n 1.91e-02 a 2.04e-02
  00134 ep 10 loss 1.8952 score 1.0000 hit@1 1.0000 | drift n 3.61e-02 a 4.53e-02
  00134 ep 15 loss 1.8700 score 1.0000 hit@1 1.0000 | drift n 4.82e-02 a 6.83e-02
  00134 ep 20 loss 1.7920 score 1.0000 hit@1 1.0000 | drift n 5.73e-02 a 8.63e-02
  00134 ep 25 loss 1.9023 score 1.0000 hit@1 1.0000 | drift n 6.35e-02 a 9.88e-02
  00134 ep 30 loss 1.8414 score 1.0000 hit@1 1.0000 | drift n 6.66e-02 a 1.06e-01
  00134 ep 35 loss 1.8895 score 1.0000 hit@1 1.0000 | drift n 6.78e-02 a 1.09e-01
  00134 ep 39 loss 1.8976 score 1.0000 hit@1 1.0000 | drift n 6.80e-02 a 1.09e-01
[stage2] fold hold 00154  train 80 / val 4
  00154 ep  0 loss 3.0715 score 1.0000 hit@1 1.0000 | drift n 9.27e-04 a 9.04e-04
  00154 ep  5 loss 2.0778 score 1.0000 hit@1 1.0000 | drift n 1.95e-02 a 2.04e-02
  00154 ep 10 loss 1.9638 score 1.0000 hit@1 1.0000 | drift n 3.71e-02 a 4.67e-02
  00154 ep 15 loss 1.9698 score 1.0000 hit@1 1.0000 | drift n 4.89e-02 a 7.08e-02
  00154 ep 20 loss 2.0160 score 1.0000 hit@1 1.0000 | drift n 5.79e-02 a 9.02e-02
  00154 ep 25 loss 1.7128 score 1.0000 hit@1 1.0000 | drift n 6.40e-02 a 1.03e-01
  00154 ep 30 loss 1.8120 score 1.0000 hit@1 1.0000 | drift n 6.73e-02 a 1.10e-01
  00154 ep 35 loss 1.8002 score 1.0000 hit@1 1.0000 | drift n 6.84e-02 a 1.12e-01
  00154 ep 39 loss 1.7339 score 1.0000 hit@1 1.0000 | drift n 6.86e-02 a 1.13e-01
[stage2] fold hold 00191  train 80 / val 4
  00191 ep  0 loss 2.8269 score 0.8269 hit@1 0.7500 | drift n 9.14e-04 a 8.76e-04
  00191 ep  5 loss 2.3352 score 0.6987 hit@1 0.5000 | drift n 1.94e-02 a 2.01e-02
  00191 ep 10 loss 1.8876 score 0.8269 hit@1 0.7500 | drift n 3.61e-02 a 4.67e-02
  00191 ep 15 loss 1.7750 score 0.8269 hit@1 0.7500 | drift n 4.76e-02 a 7.20e-02
  00191 ep 20 loss 1.7451 score 0.8269 hit@1 0.7500 | drift n 5.64e-02 a 9.14e-02
  00191 ep 25 loss 1.8883 score 0.8269 hit@1 0.7500 | drift n 6.23e-02 a 1.05e-01
  00191 ep 30 loss 1.9550 score 0.8269 hit@1 0.7500 | drift n 6.55e-02 a 1.12e-01
  00191 ep 35 loss 1.8187 score 0.8269 hit@1 0.7500 | drift n 6.68e-02 a 1.14e-01
  00191 ep 39 loss 1.5506 score 0.8269 hit@1 0.7500 | drift n 6.69e-02 a 1.15e-01
[stage2] fold hold 00630  train 80 / val 4
  00630 ep  0 loss 3.2007 score 0.8301 hit@1 1.0000 | drift n 9.48e-04 a 8.67e-04
  00630 ep  5 loss 2.3795 score 0.8333 hit@1 1.0000 | drift n 2.01e-02 a 2.09e-02
  00630 ep 10 loss 1.9330 score 0.8333 hit@1 1.0000 | drift n 3.79e-02 a 4.72e-02
  00630 ep 15 loss 1.8250 score 0.8301 hit@1 1.0000 | drift n 4.97e-02 a 7.13e-02
  00630 ep 20 loss 1.7158 score 0.8333 hit@1 1.0000 | drift n 5.84e-02 a 9.10e-02
  00630 ep 25 loss 1.8193 score 0.8333 hit@1 1.0000 | drift n 6.48e-02 a 1.03e-01
  00630 ep 30 loss 1.6641 score 0.8333 hit@1 1.0000 | drift n 6.79e-02 a 1.10e-01
  00630 ep 35 loss 1.5458 score 0.8333 hit@1 1.0000 | drift n 6.90e-02 a 1.13e-01
  00630 ep 39 loss 1.7999 score 0.8333 hit@1 1.0000 | drift n 6.92e-02 a 1.13e-01
[stage2] fold hold 00803  train 80 / val 4
  00803 ep  0 loss 2.9585 score 0.9904 hit@1 1.0000 | drift n 9.05e-04 a 8.87e-04
  00803 ep  5 loss 2.1915 score 0.9904 hit@1 1.0000 | drift n 1.94e-02 a 2.05e-02
  00803 ep 10 loss 1.6750 score 0.9904 hit@1 1.0000 | drift n 3.56e-02 a 4.66e-02
  00803 ep 15 loss 1.7952 score 0.9904 hit@1 1.0000 | drift n 4.73e-02 a 7.04e-02
  00803 ep 20 loss 1.4618 score 0.9904 hit@1 1.0000 | drift n 5.64e-02 a 9.00e-02
  00803 ep 25 loss 1.4092 score 0.9936 hit@1 1.0000 | drift n 6.29e-02 a 1.03e-01
  00803 ep 30 loss 1.6731 score 0.9936 hit@1 1.0000 | drift n 6.63e-02 a 1.10e-01
  00803 ep 35 loss 1.8132 score 0.9936 hit@1 1.0000 | drift n 6.75e-02 a 1.13e-01
  00803 ep 39 loss 1.5469 score 0.9936 hit@1 1.0000 | drift n 6.77e-02 a 1.13e-01
[stage2] fold hold 01180  train 80 / val 4
  01180 ep  0 loss 3.0225 score 0.8622 hit@1 1.0000 | drift n 9.09e-04 a 9.46e-04
  01180 ep  5 loss 1.9991 score 0.8590 hit@1 1.0000 | drift n 1.95e-02 a 2.08e-02
  01180 ep 10 loss 1.9960 score 0.8622 hit@1 1.0000 | drift n 3.57e-02 a 4.70e-02
  01180 ep 15 loss 1.7625 score 0.8622 hit@1 1.0000 | drift n 4.77e-02 a 7.20e-02
  01180 ep 20 loss 1.4311 score 0.8622 hit@1 1.0000 | drift n 5.74e-02 a 9.16e-02
  01180 ep 25 loss 1.6191 score 0.8622 hit@1 1.0000 | drift n 6.38e-02 a 1.04e-01
  01180 ep 30 loss 1.6012 score 0.8622 hit@1 1.0000 | drift n 6.73e-02 a 1.11e-01
  01180 ep 35 loss 1.9590 score 0.8622 hit@1 1.0000 | drift n 6.87e-02 a 1.14e-01
  01180 ep 39 loss 1.8166 score 0.8622 hit@1 1.0000 | drift n 6.88e-02 a 1.14e-01
[stage2] fold hold 01388  train 80 / val 4
  01388 ep  0 loss 3.1576 score 0.9519 hit@1 1.0000 | drift n 9.40e-04 a 9.04e-04
  01388 ep  5 loss 2.1668 score 0.9519 hit@1 1.0000 | drift n 2.00e-02 a 2.12e-02
  01388 ep 10 loss 1.7487 score 0.9519 hit@1 1.0000 | drift n 3.73e-02 a 4.75e-02
  01388 ep 15 loss 1.8303 score 0.9519 hit@1 1.0000 | drift n 4.89e-02 a 7.14e-02
  01388 ep 20 loss 1.7020 score 0.9519 hit@1 1.0000 | drift n 5.69e-02 a 9.13e-02
  01388 ep 25 loss 1.8705 score 0.9519 hit@1 1.0000 | drift n 6.26e-02 a 1.04e-01
  01388 ep 30 loss 1.9496 score 0.9519 hit@1 1.0000 | drift n 6.59e-02 a 1.11e-01
  01388 ep 35 loss 1.8578 score 0.9519 hit@1 1.0000 | drift n 6.70e-02 a 1.14e-01
  01388 ep 39 loss 1.8494 score 0.9519 hit@1 1.0000 | drift n 6.72e-02 a 1.14e-01
[stage2] fold hold 01471  train 80 / val 4
  01471 ep  0 loss 2.4067 score 0.9391 hit@1 1.0000 | drift n 8.49e-04 a 8.46e-04
  01471 ep  5 loss 2.1488 score 0.9391 hit@1 1.0000 | drift n 1.90e-02 a 1.97e-02
  01471 ep 10 loss 1.8950 score 0.9391 hit@1 1.0000 | drift n 3.58e-02 a 4.70e-02
  01471 ep 15 loss 1.5385 score 0.9423 hit@1 1.0000 | drift n 4.86e-02 a 7.33e-02
  01471 ep 20 loss 1.6406 score 0.9423 hit@1 1.0000 | drift n 5.86e-02 a 9.35e-02
  01471 ep 25 loss 1.4522 score 0.9423 hit@1 1.0000 | drift n 6.54e-02 a 1.07e-01
  01471 ep 30 loss 1.2291 score 0.9423 hit@1 1.0000 | drift n 6.94e-02 a 1.14e-01
  01471 ep 35 loss 1.5259 score 0.9423 hit@1 1.0000 | drift n 7.09e-02 a 1.16e-01
  01471 ep 39 loss 1.2501 score 0.9423 hit@1 1.0000 | drift n 7.11e-02 a 1.17e-01
[stage2] fold hold 01597  train 80 / val 4
  01597 ep  0 loss 3.1445 score 0.9776 hit@1 1.0000 | drift n 9.08e-04 a 9.10e-04
  01597 ep  5 loss 2.1960 score 0.9776 hit@1 1.0000 | drift n 1.93e-02 a 2.09e-02
  01597 ep 10 loss 1.9757 score 0.9776 hit@1 1.0000 | drift n 3.63e-02 a 4.71e-02
  01597 ep 15 loss 1.9485 score 0.9776 hit@1 1.0000 | drift n 4.82e-02 a 7.05e-02
  01597 ep 20 loss 1.5982 score 0.9776 hit@1 1.0000 | drift n 5.74e-02 a 8.93e-02
  01597 ep 25 loss 1.8475 score 0.9808 hit@1 1.0000 | drift n 6.32e-02 a 1.03e-01
  01597 ep 30 loss 1.5344 score 0.9808 hit@1 1.0000 | drift n 6.63e-02 a 1.10e-01
  01597 ep 35 loss 1.5197 score 0.9776 hit@1 1.0000 | drift n 6.75e-02 a 1.12e-01
  01597 ep 39 loss 1.6836 score 0.9776 hit@1 1.0000 | drift n 6.77e-02 a 1.13e-01
[stage2] fold hold 01646  train 80 / val 4
  01646 ep  0 loss 2.9834 score 0.4583 hit@1 0.3333 | drift n 8.65e-04 a 8.78e-04
  01646 ep  5 loss 1.8377 score 0.6186 hit@1 0.6667 | drift n 1.89e-02 a 2.12e-02
  01646 ep 10 loss 1.8873 score 0.6186 hit@1 0.6667 | drift n 3.63e-02 a 4.86e-02
  01646 ep 15 loss 1.7299 score 0.6186 hit@1 0.6667 | drift n 4.89e-02 a 7.28e-02
  01646 ep 20 loss 1.4374 score 0.6186 hit@1 0.6667 | drift n 5.92e-02 a 9.12e-02
  01646 ep 25 loss 1.6434 score 0.4519 hit@1 0.3333 | drift n 6.59e-02 a 1.04e-01
  01646 ep 30 loss 1.3280 score 0.4519 hit@1 0.3333 | drift n 6.97e-02 a 1.11e-01
  01646 ep 35 loss 1.5280 score 0.4519 hit@1 0.3333 | drift n 7.12e-02 a 1.13e-01
  01646 ep 39 loss 1.5042 score 0.4519 hit@1 0.3333 | drift n 7.14e-02 a 1.14e-01
[stage2] 症例 CV 固定 epoch=40 (折内最优 [0, 0, 0, 0, 3, 0, 0, 0, 0, 22, 1])
  final ep  0 loss 3.3835 | drift n 9.53e-04 a 8.76e-04
  final ep  5 loss 2.3070 | drift n 2.08e-02 a 2.06e-02
  final ep 10 loss 1.8586 | drift n 3.94e-02 a 4.56e-02
  final ep 15 loss 1.7388 | drift n 5.15e-02 a 6.78e-02
  final ep 20 loss 1.7051 | drift n 5.95e-02 a 8.53e-02
  final ep 25 loss 2.0252 | drift n 6.48e-02 a 9.73e-02
  final ep 30 loss 1.6811 | drift n 6.79e-02 a 1.03e-01
  final ep 35 loss 1.8755 | drift n 6.90e-02 a 1.06e-01
  final ep 39 loss 1.4141 | drift n 6.92e-02 a 1.06e-01
[stage2] 在 OOF 异常切片上训空间门控
  [spatial] ep  0 tversky 0.7223
  [spatial] ep 10 tversky 0.7219
  [spatial] ep 20 tversky 0.7215
  [spatial] ep 30 tversky 0.7210
  [spatial] ep 39 tversky 0.7204
[stage2] OOF 二值 mask τ=0.75  Dice=0.7147 (eval_size=240, 拟合 Dice, 非 test)
[stage2] OOF 空间门控 hit@1=0.8939  alpha_fuse=0.050  AUC=0.9318  α_pt=0.0 λ_pt=0.0
[stage2] 线性融合(未部署) fuse_w={'proto': 0.75, 'text': 0.0, 'mem': 0.25}  hit@1=0.8845
[stage2] OOF 图像分 w_heat=0.50 w_text=0.20 w_adapt=0.30
[stage2] 最优 epoch 39 (score nan hit@1 nan), 用时 2.2 分钟
  [warn] Stage2 (解冻原型): 最优 (α_pt,λ_pt)=(0.0,0.0) 落在网格边界,建议扩网格

====================================================================================================
Stage 1 vs Stage 2(test 集)
====================================================================================================
                                                 tag                  alpha_pt                    lam_pt                   val_acc              edge_warning            acc_image_only           acc_lesion_only                 acc_fused            acc_text_fused                    w_heat                    w_text                   w_adapt                 image_auc                  image_ap                alpha_fuse               oof_img_auc            auc_heat_alone            auc_text_alone           auc_adapt_alone               auc_3signal          pixel_auc_paclip           pixel_ap_paclip    pixel_auc_paclip_fixed     pixel_ap_paclip_fixed            pixel_auc_ours             pixel_ap_ours      pixel_auc_ours_fixed       pixel_ap_ours_fixed               pixel_aupro            n_pixel_slices               hit@1_valid              hit@1_strict              hit@1_chance               hit@3_valid              hit@3_strict              hit@3_chance              hit@10_valid             hit@10_strict             hit@10_chance                   n_valid                   n_total          lesion_area_mean                  lesion_z              background_z                 gap_sigma                peak_gap_z                 mask_dice                  mask_iou                  post_tau
Stage1 (冻结原型)                          Stage1 (冻结原型)                   50.0000                    0.0000                    9.9366                      True                 8277.2541                 8277.2541                 8277.2541                 8277.2541                    0.3000                    0.5000                    0.2000                   95.5738                   99.1003                    0.0500                   91.9580                    0.9189                    0.5000                    0.9222                    0.9557                   98.1799                   74.5260                   98.1616                   74.2970                   98.4021                   74.1015                   98.3865                   73.9222                   86.7857                      3075                   89.0499                   85.9512                    3.8548                   97.3383                   93.9512                   11.5645                   99.3598                   95.9024                   38.5210                      2968                      3075                    0.0399                    2.1976                   -0.0892                    2.2868                    0.3795                    0.1856                    0.1053                    0.5000
Stage1 (冻结原型) proto-only                                                                                                                                                                                                                                                                                                                                                                                                                                                                                                                                                             97.9979                   68.8251                   97.9865                   68.6477                   98.2284                   69.7562                   98.2236                   69.6516                   84.5674                      3075                   80.3908                   77.5935                    3.8548                   95.5526                   92.2276                   11.5645                   99.3935                   95.9350                   38.5210                      2968                      3075                    0.0399                    1.8206                   -0.0745                    1.8951                    0.1619                                                                              
Stage1 (冻结原型) text-only                                                                                                                                                                                                                                                                                                                                                                                                                                                                                                                                                              97.0208                   72.4931                   96.9680                   72.2010                   97.5603                   73.1441                   97.5262                   72.9303                   80.2751                      3075                   85.3437                   82.3740                    3.8548                   96.3275                   92.9756                   11.5645                   98.8881                   95.4472                   38.5210                      2968                      3075                    0.0399                    2.6037                   -0.1044                    2.7080                    0.7808                                                                              
Stage1 (冻结原型) mem-only                                                                                                                                                                                                                                                                                                                                                                                                                                                                                                                                                               93.7016                   43.0128                   93.7160                   43.0429                   94.2332                   44.5538                   94.2631                   44.6231                   71.5750                      3075                   56.9744                   54.9919                    3.8548                   82.0755                   79.2195                   11.5645                   94.8787                   91.5772                   38.5210                      2968                      3075                    0.0399                    1.5332                   -0.0640                    1.5972                    0.0159                                                                              
Stage1 (冻结原型) fused                                                                                                                                                                                                                                                                                                                                                                                                                                                                                                                                                                  98.1799                   74.5260                   98.1616                   74.2970                   98.4021                   74.1015                   98.3865                   73.9222                   86.7857                      3075                   89.0499                   85.9512                    3.8548                   97.3383                   93.9512                   11.5645                   99.3598                   95.9024                   38.5210                      2968                      3075                    0.0399                    2.1976                   -0.0892                    2.2868                    0.3795                                                                              
Stage2 (解冻原型)                          Stage2 (解冻原型)                    0.0000                    0.0000                    9.3023                      True                 8277.2541                 8277.2541                 8277.2541                 8277.2541                    0.5000                    0.2000                    0.3000                   96.1701                   99.2189                    0.0500                   93.1818                    0.9339                    0.5000                    0.9239                    0.9617                   98.4552                   78.1681                   98.4381                   77.9483                   98.7242                   77.8724                   98.7130                   77.7337                   88.5289                      3075                   92.8908                   89.6585                    3.8548                   98.0458                   94.6342                   11.5645                   99.4946                   96.0325                   38.5210                      2968                      3075                    0.0399                    2.6578                   -0.1066                    2.7644                    0.7922                    0.7064                    0.5866                    0.7500
Stage2 (解冻原型) proto-only                                                                                                                                                                                                                                                                                                                                                                                                                                                                                                                                                             98.7294                   81.3342                   98.7203                   81.2095                   99.1108                   84.0448                   99.1054                   83.9524                   89.9364                      3075                   95.8558                   92.5203                    3.8548                   98.6860                   95.2520                   11.5645                   99.5957                   96.1301                   38.5210                      2968                      3075                    0.0399                    2.5692                   -0.1034                    2.6727                    0.8632                                                                              
Stage2 (解冻原型) text-only                                                                                                                                                                                                                                                                                                                                                                                                                                                                                                                                                              97.7918                   73.9722                   97.7624                   73.6893                   98.2792                   75.7437                   98.2644                   75.5776                   83.7472                      3075                   88.5445                   85.4634                    3.8548                   97.0013                   93.6260                   11.5645                   99.1914                   95.7398                   38.5210                      2968                      3075                    0.0399                    2.9375                   -0.1171                    3.0546                    0.8936                                                                              
Stage2 (解冻原型) mem-only                                                                                                                                                                                                                                                                                                                                                                                                                                                                                                                                                               94.2113                   45.6869                   94.2204                   45.6616                   94.8058                   47.6253                   94.8306                   47.6444                   73.3996                      3075                   59.2655                   57.2033                    3.8548                   84.4340                   81.4959                   11.5645                   95.3167                   92.0000                   38.5210                      2968                      3075                    0.0399                    1.6107                   -0.0672                    1.6779                    0.0283                                                                              
Stage2 (解冻原型) fused                                                                                                                                                                                                                                                                                                                                                                                                                                                                                                                                                                  98.4552                   78.1681                   98.4381                   77.9483                   98.7242                   77.8724                   98.7130                   77.7337                   88.5289                      3075                   92.8908                   89.6585                    3.8548                   98.0458                   94.6342                   11.5645                   99.4946                   96.0325                   38.5210                      2968                      3075                    0.0399                    2.6578                   -0.1066                    2.7644                    0.7922                                                                              
[report] 已写入 stage1_vs_stage2__brain_f__seed555.csv / stage1_vs_stage2__brain_f__seed555.json / all_stages.csv  (10 行)
[report] 已写入 text__brain_f__meanstd.csv / text__brain_f__meanstd.json / all_stages.csv  (5 行)
[report] 已写入 stage1_vs_stage2__brain_f__meanstd.csv / stage1_vs_stage2__brain_f__meanstd.json / all_stages.csv  (10 行)

总用时 131.0 分钟
